KOBC DRY BULK INDEX,,,,,,
S.no,DATE,KDCI,CAPE,PANAMAX,SUPRAMAX,HANDY
1,2016-01-04,4963,5028,4395,5710,4237
2,2016-01-05,4965,5068,4369,5673,4316
3,2016-01-06,5004,5100,4392,5748,4319
4,2016-01-07,5008,5108,4387,5759,4325
5,2016-01-08,4835,4828,4174,5711,4212
6,2016-01-11,4648,4424,4109,5569,4170
7,2016-01-12,4549,4249,4073,5461,4138
8,2016-01-13,4488,3966,4053,5566,4124
9,2016-01-14,4330,3896,4011,5189,4015
10,2016-01-15,4276,3786,3996,5143,3992
11,2016-01-18,4193,3713,3919,5027,3960
12,2016-01-19,4142,3605,3895,4989,3953
13,2016-01-20,4037,3509,3871,4810,3801
14,2016-01-21,3997,3501,3837,4726,3778
15,2016-01-22,3970,3561,3821,4638,3643
16,2016-01-25,3880,3746,3419,4570,3593
17,2016-01-26,3982,3919,3674,4495,3552
18,2016-01-27,3837,3846,3337,4436,3517
19,2016-01-28,3854,3779,3516,4382,3505
20,2016-01-29,3751,3794,3207,4335,3502
21,2016-02-01,3722,3823,3172,4257,3460
22,2016-02-02,3623,3754,3148,4079,3290
23,2016-02-03,3621,3773,3141,4061,3285
24,2016-02-04,3656,3805,3392,3935,3166
25,2016-02-05,3659,3777,3452,3913,3166
26,2016-02-11,3703,3923,3915,3452,3156
27,2016-02-12,2362,3495,0,3564,2445
28,2016-02-15,3433,3581,3526,3353,2951
29,2016-02-16,3610,3744,3888,3412,2967
30,2016-02-17,3624,3798,3943,3367,2913
31,2016-02-18,3697,3789,4162,3403,2905
32,2016-02-19,3636,3760,3966,3425,2908
33,2016-02-22,3679,3731,3941,3608,2953
34,2016-02-23,3664,3623,3892,3707,2980
35,2016-02-24,3681,3474,4099,3713,2950
36,2016-02-25,3630,3431,3888,3781,2998
37,2016-02-26,3673,3463,3923,3842,3045
38,2016-02-29,3735,3417,4095,3922,3045
39,2016-03-01,2649,0,3974,3829,3080
40,2016-03-02,3835,3474,4390,3947,2920
41,2016-03-03,3776,3321,4266,3967,3099
42,2016-03-04,3816,3249,4409,4029,3099
43,2016-03-07,3807,3204,4404,4049,3095
44,2016-03-08,3944,3295,4641,4157,3167
45,2016-03-09,4183,3400,5016,4370,3475
46,2016-03-10,4281,3388,5227,4470,3552
47,2016-03-11,4373,3316,5260,4699,3910
48,2016-03-14,4344,3293,5209,4689,3872
49,2016-03-15,4387,3286,5323,4714,3905
50,2016-03-16,4405,3283,5289,4763,4046
51,2016-03-17,4303,3186,5077,4739,4029
52,2016-03-18,4251,3217,4869,4742,4030
53,2016-03-21,4271,3306,4805,4767,4071
54,2016-03-22,4224,3248,4676,4792,4088
55,2016-03-23,4208,3195,4583,4867,4146
56,2016-03-24,4206,3146,4590,4898,4159
57,2016-03-25,4197,3132,4565,4906,4160
58,2016-03-28,4197,3140,4547,4905,4194
59,2016-03-29,4237,3164,4502,5014,4331
60,2016-03-30,4296,3159,4655,5045,4388
61,2016-03-31,4379,3303,4761,5068,4389
62,2016-04-01,4601,3740,4998,5129,4406
63,2016-04-04,4805,4095,5280,5167,4424
64,2016-04-05,4934,4457,5338,5173,4431
65,2016-04-06,5067,4566,5547,5267,4528
66,2016-04-07,5257,4854,5867,5290,4539
67,2016-04-08,5243,5026,5619,5319,4539
68,2016-04-11,5557,5961,5685,5363,4542
69,2016-04-12,5578,5998,5647,5439,4530
70,2016-04-13,3714,0,5264,5535,4740
71,2016-04-14,5633,6178,5559,5527,4540
72,2016-04-15,5969,6879,5926,5567,4574
73,2016-04-18,6452,8242,5890,5814,4684
74,2016-04-19,6688,8603,6331,5802,4673
75,2016-04-20,6750,8581,6477,5877,4701
76,2016-04-21,6679,8251,6514,5933,4701
77,2016-04-22,6721,8330,6387,6109,4734
78,2016-04-25,6833,8723,6344,6127,4751
79,2016-04-26,6955,9067,6349,6176,4775
80,2016-04-27,6999,9068,6317,6346,4795
81,2016-04-28,7040,9111,6299,6457,4797
82,2016-04-29,6944,9013,6137,6401,4782
83,2016-05-02,6873,8972,5952,6399,4767
84,2016-05-03,6792,8767,5947,6332,4787
85,2016-05-04,6634,8418,5781,6323,4778
86,2016-05-05,503,0,1678,0,0
87,2016-05-06,491,0,1638,0,0
88,2016-05-09,6249,7253,5752,6247,4735
89,2016-05-10,6043,6788,5628,6170,4675
90,2016-05-11,5864,6291,5555,6148,4655
91,2016-05-12,5914,6288,5740,6134,4657
92,2016-05-13,5956,6529,5645,6133,4638
93,2016-05-16,6093,6878,5701,6182,4649
94,2016-05-17,6328,7526,5813,6199,4669
95,2016-05-18,6568,8263,5867,6204,4681
96,2016-05-19,6510,7993,5937,6208,4684
97,2016-05-20,6385,7538,5948,6236,4687
98,2016-05-23,6325,7299,5940,6272,4711
99,2016-05-24,6258,7126,5846,6316,4722
100,2016-05-25,6190,6941,5747,6354,4776
101,2016-05-26,6067,6637,5632,6364,4778
102,2016-05-27,6164,6963,5525,6463,4784
103,2016-05-30,6205,6983,5499,6589,4836
104,2016-05-31,6218,7010,5502,6600,4842
105,2016-06-01,6319,7278,5473,6684,4891
106,2016-06-02,6236,7169,5307,6680,4894
107,2016-06-03,6272,7395,5199,6682,4896
108,2016-06-06,4002,0,5281,6493,4700
109,2016-06-07,6383,7669,5260,6706,4926
110,2016-06-08,6373,7736,5203,6667,4907
111,2016-06-09,6444,8124,5064,6657,4903
112,2016-06-10,6487,8243,5088,6657,4908
113,2016-06-13,6498,8233,5156,6641,4891
114,2016-06-14,6508,8298,5145,6622,4889
115,2016-06-15,6480,8204,5157,6613,4882
116,2016-06-16,6436,7981,5185,6643,4931
117,2016-06-17,6388,7823,5205,6627,4914
118,2016-06-20,6181,7240,5296,6452,4845
119,2016-06-21,6295,7377,5303,6655,4948
120,2016-06-22,6282,7191,5372,6710,5004
121,2016-06-23,6419,7349,5493,6864,5068
122,2016-06-24,6471,7378,5582,6909,5102
123,2016-06-27,6543,7438,5636,7010,5178
124,2016-06-28,6619,7518,5684,7087,5322
125,2016-06-29,6689,7630,5776,7113,5337
126,2016-06-30,6869,7843,6052,7211,5375
127,2016-07-01,6990,8128,6158,7216,5397
128,2016-07-04,7080,8209,6216,7358,5448
129,2016-07-05,7355,8646,6657,7389,5476
130,2016-07-06,7299,8461,6632,7416,5460
131,2016-07-07,7336,8336,6938,7366,5437
132,2016-07-08,7341,8252,7002,7382,5498
133,2016-07-11,7315,8182,7047,7315,5518
134,2016-07-12,7286,8097,7084,7288,5451
135,2016-07-13,7307,8086,7114,7337,5462
136,2016-07-14,7452,8378,7239,7382,5523
137,2016-07-15,7733,8466,7954,7491,5595
138,2016-07-18,7772,8439,8062,7528,5628
139,2016-07-19,7795,8328,8179,7612,5587
140,2016-07-20,7667,7956,8051,7685,5599
141,2016-07-21,7512,7588,7839,7739,5623
142,2016-07-22,7467,7521,7694,7789,5659
143,2016-07-25,7407,7513,7573,7736,5607
144,2016-07-26,7307,7313,7468,7712,5591
145,2016-07-27,7201,7144,7314,7697,5541
146,2016-07-28,7084,6884,7193,7690,5538
147,2016-07-29,6928,6705,6890,7665,5506
148,2016-08-01,6784,6258,6882,7650,5474
149,2016-08-02,6680,6293,6495,7660,5462
150,2016-08-03,6580,6256,6231,7631,5451
151,2016-08-04,6520,6238,6196,7499,5407
152,2016-08-05,6482,6263,6127,7425,5377
153,2016-08-08,6516,6331,6218,7385,5353
154,2016-08-09,6568,6611,6133,7356,5377
155,2016-08-10,6583,6628,6183,7333,5398
156,2016-08-11,6686,6843,6313,7321,5433
157,2016-08-12,6780,7129,6319,7340,5440
158,2016-08-15,4599,0,6108,7388,5500
159,2016-08-16,7002,7654,6500,7361,5470
160,2016-08-17,7059,7751,6576,7367,5508
161,2016-08-18,6941,7387,6512,7395,5526
162,2016-08-19,6907,7136,6512,7529,5538
163,2016-08-22,6915,7117,6465,7609,5576
164,2016-08-23,6932,7136,6404,7696,5612
165,2016-08-24,7030,7367,6477,7702,5662
166,2016-08-25,7119,7664,6437,7739,5673
167,2016-08-26,7288,8273,6410,7728,5648
168,2016-08-29,7260,8276,6268,7779,5636
169,2016-08-30,7246,8136,6320,7818,5641
170,2016-08-31,7230,7953,6229,8016,5699
171,2016-09-01,7251,7999,6255,8027,5665
172,2016-09-02,7330,8277,6245,8022,5665
173,2016-09-05,7447,8660,6243,8028,5675
174,2016-09-06,7501,8791,6291,8024,5692
175,2016-09-07,7778,9769,6348,7908,5702
176,2016-09-08,8013,10536,6419,7844,5737
177,2016-09-09,8416,11864,6451,7827,5737
178,2016-09-12,8489,12159,6469,7760,5727
179,2016-09-13,8512,12244,6481,7756,5677
180,2016-09-14,4771,0,6385,7585,5800
181,2016-09-19,8672,12855,6432,7729,5670
182,2016-09-20,8960,13653,6601,7716,5687
183,2016-09-21,9184,14289,6727,7708,5673
184,2016-09-22,9475,15109,6869,7710,5691
185,2016-09-23,9685,15583,7110,7669,5764
186,2016-09-26,9584,15384,6984,7652,5779
187,2016-09-27,9595,15258,7202,7596,5788
188,2016-09-28,9361,14524,7153,7587,5817
189,2016-09-29,9098,13938,6880,7572,5808
190,2016-09-30,9016,13632,6932,7557,5800
191,2016-10-03,856,0,0,2072,2340
192,2016-10-04,8801,13103,6823,7495,5742
193,2016-10-05,8842,13265,6823,7484,5707
194,2016-10-06,8976,13736,6816,7475,5674
195,2016-10-07,9314,14682,6980,7492,5677
196,2016-10-10,9289,14634,7007,7423,5694
197,2016-10-11,9321,14807,6937,7427,5699
198,2016-10-12,9329,14614,7193,7403,5661
199,2016-10-13,9231,14134,7359,7399,5633
200,2016-10-14,9132,13674,7513,7381,5618
201,2016-10-17,9171,13498,7793,7408,5620
202,2016-10-18,9101,13321,7684,7454,5634
203,2016-10-19,9074,12761,8133,7472,5644
204,2016-10-20,5189,0,7780,7638,5638
205,2016-10-21,8461,10688,8166,7448,5700
206,2016-10-24,8464,10535,8270,7521,5660
207,2016-10-25,8140,9464,8263,7520,5660
208,2016-10-26,8008,9067,8186,7534,5718
209,2016-10-27,7856,8667,8063,7534,5768
210,2016-10-28,7783,8490,7980,7542,5793
211,2016-10-31,8154,9765,7934,7534,5836
212,2016-11-01,8291,10323,7850,7522,5826
213,2016-11-02,8081,9729,7784,7488,5806
214,2016-11-03,8109,9899,7748,7454,5782
215,2016-11-04,8305,10423,7862,7458,5817
216,2016-11-07,8452,10885,7897,7456,5806
217,2016-11-08,8554,11251,7895,7439,5781
218,2016-11-09,9043,12628,8159,7428,5781
219,2016-11-10,9363,13586,8267,7428,5789
220,2016-11-11,9619,14310,8539,7315,5696
221,2016-11-14,10220,15948,8853,7362,5713
222,2016-11-15,10246,15742,9136,7363,5736
223,2016-11-16,10506,16080,9570,7468,5709
224,2016-11-17,11437,18681,10007,7533,5709
225,2016-11-18,11718,19454,10153,7562,5679
226,2016-11-21,11738,18984,10547,7667,5784
227,2016-11-22,11569,18456,10514,7662,5789
228,2016-11-23,11620,18023,10426,8263,6064
229,2016-11-24,11315,17048,10419,8230,6054
230,2016-11-25,11041,15946,10310,8526,6066
231,2016-11-28,10867,15362,10113,8723,6079
232,2016-11-29,11047,15553,10374,8851,6141
233,2016-11-30,11062,15351,10589,8877,6174
234,2016-12-01,10860,14416,10749,8949,6256
235,2016-12-02,10892,14152,10903,9153,6299
236,2016-12-05,10864,13969,10989,9156,6301
237,2016-12-06,10814,13591,11187,9166,6311
238,2016-12-07,10700,13099,11297,9163,6325
239,2016-12-08,10308,11961,11028,9257,6342
240,2016-12-09,10011,10641,11263,9331,6408
241,2016-12-12,9668,9643,10976,9452,6464
242,2016-12-13,9498,9257,10764,9464,6527
243,2016-12-14,9288,8815,10483,9472,6570
244,2016-12-15,8866,7838,10153,9368,6583
245,2016-12-16,8554,7618,9426,9280,6572
246,2016-12-19,8495,7645,9211,9267,6586
247,2016-12-20,8414,7709,8904,9245,6567
248,2016-12-21,8312,7805,8590,9120,6580
249,2016-12-22,8335,8559,7913,9105,6623
250,2016-12-23,8427,9341,7461,9078,6624
251,2016-12-26,5390,0,7341,8553,6214
252,2016-12-27,5373,0,7371,8410,6383
253,2016-12-28,5301,0,7294,8325,6150
254,2016-12-29,5164,0,6865,8348,6000
255,2016-12-30,5038,0,6468,8325,6000
256,2017-01-02,8527,10598,6820,8819,6557
257,2017-01-03,8486,10821,6580,8700,6554
258,2017-01-04,8679,11694,6548,8540,6439
259,2017-01-05,9076,13163,6590,8388,6339
260,2017-01-06,9062,13249,6599,8272,6265
261,2017-01-09,8930,12641,6878,8178,6209
262,2017-01-10,8900,12297,7183,8133,6162
263,2017-01-11,8638,11212,7463,8068,6149
264,2017-01-12,8380,10187,7647,8067,6098
265,2017-01-13,8499,10539,7726,8042,6068
266,2017-01-16,8683,11119,7858,7957,6024
267,2017-01-17,8750,11598,7757,7844,5909
268,2017-01-18,8748,11841,7595,7757,5899
269,2017-01-19,8990,12858,7437,7709,5888
270,2017-01-20,8870,12475,7336,7808,5844
271,2017-01-23,8712,11994,7321,7789,5805
272,2017-01-24,8581,11659,7274,7756,5741
273,2017-01-25,8353,10819,7365,7739,5762
274,2017-01-26,8218,10327,7426,7729,5739
275,2017-01-31,7944,9311,7442,7818,5733
276,2017-02-01,7938,9309,7428,7816,5722
277,2017-02-02,7806,8938,7391,7783,5722
278,2017-02-03,7752,8436,7443,8020,5822
279,2017-02-06,7588,7921,7491,7953,5787
280,2017-02-07,7590,7720,7692,7955,5799
281,2017-02-08,7491,7023,8001,7991,5865
282,2017-02-09,7399,6741,8047,7923,5851
283,2017-02-10,7409,6736,8101,7919,5828
284,2017-02-13,7320,6369,8131,7921,5937
285,2017-02-14,7228,6027,8150,7948,5905
286,2017-02-15,7205,5812,8225,7983,5988
287,2017-02-16,7339,6019,8317,8103,6070
288,2017-02-17,7476,6430,8247,8219,6070
289,2017-02-20,7821,7401,8192,8443,6102
290,2017-02-21,8007,7833,8205,8584,6208
291,2017-02-22,8251,8268,8272,8821,6430
292,2017-02-23,8684,9198,8429,9076,6731
293,2017-02-24,9178,10216,8805,9300,6820
294,2017-02-27,9442,10493,9029,9670,6847
295,2017-02-28,9369,9947,9258,9743,6847
296,2017-03-01,6460,0,9275,9917,7020
297,2017-03-02,9475,9676,9645,9967,6892
298,2017-03-03,10026,10889,9899,10248,7152
299,2017-03-06,10549,11499,10835,10430,7202
300,2017-03-07,11146,12644,11436,10599,7424
301,2017-03-08,11657,13918,11703,10696,7621
302,2017-03-09,11650,13708,11761,10811,7658
303,2017-03-10,11835,14481,11557,10833,7733
304,2017-03-13,12043,15323,11526,10709,7754
305,2017-03-14,12089,15516,11455,10706,7863
306,2017-03-15,12343,16448,11394,10674,7886
307,2017-03-16,12618,17544,11198,10665,7962
308,2017-03-17,12878,18526,10998,10706,8085
309,2017-03-20,12897,18652,10873,10766,8094
310,2017-03-21,12835,18469,10773,10785,8273
311,2017-03-22,12774,17974,10930,10887,8367
312,2017-03-23,12758,17719,11152,10873,8347
313,2017-03-24,12943,17872,11556,10902,8442
314,2017-03-27,13445,19122,11821,11010,8587
315,2017-03-28,13922,20414,12081,11026,8652
316,2017-03-29,14129,20926,12370,10923,8636
317,2017-03-30,13995,20621,12377,10759,8675
318,2017-03-31,13779,20033,12327,10684,8655
319,2017-04-03,13532,19283,12341,10599,8648
320,2017-04-04,13206,18223,12427,10509,8590
321,2017-04-05,12925,17480,12343,10422,8515
322,2017-04-06,12593,16604,12248,10283,8531
323,2017-04-07,12554,16338,12425,10240,8528
324,2017-04-10,12670,16386,12756,10240,8557
325,2017-04-11,12853,16734,13028,10233,8548
326,2017-04-12,12991,16974,13131,10354,8534
327,2017-04-13,13240,17027,13575,10660,8617
328,2017-04-14,13269,17068,13631,10660,8619
329,2017-04-17,13451,17216,13813,10895,8741
330,2017-04-18,13468,17232,13811,10930,8762
331,2017-04-19,13306,16606,13781,11028,8813
332,2017-04-20,13074,16042,13562,11069,8722
333,2017-04-21,12750,15419,13162,11013,8721
334,2017-04-24,12449,14688,12864,11045,8699
335,2017-04-25,12281,14608,12582,10863,8653
336,2017-04-26,12094,14562,12194,10750,8427
337,2017-04-27,11933,14572,11738,10698,8310
338,2017-04-28,11767,14794,11107,10559,8286
339,2017-05-02,11565,14826,10662,10288,8320
340,2017-05-03,6955,0,10113,10300,8315
341,2017-05-04,10832,13188,9905,10300,8145
342,2017-05-05,6744,0,9500,10300,8040
343,2017-05-08,10654,13341,9335,10136,8100
344,2017-05-09,6748,0,9713,10160,7860
345,2017-05-10,10877,14141,9296,10156,7989
346,2017-05-11,10882,14363,9360,9928,7863
347,2017-05-12,11097,15006,9445,9911,7886
348,2017-05-15,10940,14869,9165,9819,7843
349,2017-05-16,10768,14394,8908,9966,7879
350,2017-05-17,10669,14193,8842,9901,7877
351,2017-05-18,10474,14168,8271,9853,7864
352,2017-05-19,10479,14567,7960,9814,7764
353,2017-05-22,10439,14579,7885,9757,7734
354,2017-05-23,10479,14797,7918,9682,7595
355,2017-05-24,10392,14534,7958,9633,7543
356,2017-05-25,10247,14221,7933,9526,7430
357,2017-05-26,10125,13948,7922,9429,7356
358,2017-05-29,10107,13926,7811,9492,7381
359,2017-05-30,10033,13841,7786,9399,7258
360,2017-05-31,9873,13480,7670,9352,7222
361,2017-06-01,9671,13055,7529,9260,7175
362,2017-06-02,9432,12568,7404,9107,7080
363,2017-06-05,9017,11704,7135,8928,6868
364,2017-06-07,8999,11956,6994,8805,6726
365,2017-06-08,8994,12126,6971,8717,6499
366,2017-06-09,9109,12348,7191,8667,6471
367,2017-06-12,9268,12894,7276,8587,6414
368,2017-06-13,9333,12821,7511,8658,6360
369,2017-06-14,9339,12360,7817,8817,6409
370,2017-06-15,9278,11617,8149,8980,6540
371,2017-06-16,9187,11022,8269,9115,6647
372,2017-06-19,9145,10554,8427,9258,6731
373,2017-06-21,9075,9442,9071,9449,6866
374,2017-06-22,9100,8780,9558,9648,7045
375,2017-06-23,9171,8704,9805,9708,7060
376,2017-06-26,9425,9164,10002,9880,7114
377,2017-06-27,9636,9705,10051,9972,7176
378,2017-06-28,9918,10496,10127,10038,7202
379,2017-06-29,10037,11052,9966,10041,7193
380,2017-06-30,9866,10731,9811,9957,7164
381,2017-07-03,9629,10224,9571,9927,7121
382,2017-07-04,9461,9669,9589,9915,7092
383,2017-07-05,9409,9371,9720,9927,7032
384,2017-07-06,9133,8524,9830,9755,7003
385,2017-07-07,8977,8024,9932,9650,6951
386,2017-07-10,8907,7845,9953,9587,6919
387,2017-07-11,8894,7791,9966,9589,6906
388,2017-07-12,9175,8391,10210,9669,6938
389,2017-07-13,9684,9714,10441,9763,7087
390,2017-07-14,9763,9530,10682,9945,7158
391,2017-07-17,9840,9452,10923,10025,7204
392,2017-07-18,10090,9785,11341,10096,7230
393,2017-07-19,10239,10183,11256,10245,7344
394,2017-07-20,10327,10451,11201,10315,7372
395,2017-07-21,10500,10986,11160,10386,7407
396,2017-07-24,10493,11218,10976,10280,7505
397,2017-07-25,10539,11570,10769,10284,7524
398,2017-07-26,10488,11664,10424,10371,7508
399,2017-07-27,10296,11341,10187,10320,7419
400,2017-07-28,10009,10966,9832,10113,7355
401,2017-07-31,10045,11457,9621,10000,7217
402,2017-08-01,10321,12459,9633,9911,7200
403,2017-08-02,10695,13350,10006,9885,7224
404,2017-08-03,11095,14436,10301,9859,7167
405,2017-08-04,11232,14799,10434,9830,7126
406,2017-08-07,11240,14892,10510,9704,7077
407,2017-08-08,11182,14736,10545,9654,7011
408,2017-08-09,11198,14845,10647,9517,6951
409,2017-08-10,11585,15953,10809,9538,6948
410,2017-08-11,12298,17613,11441,9578,7083
411,2017-08-14,12557,18290,11553,9642,7114
412,2017-08-16,13016,19398,11761,9829,7196
413,2017-08-17,13593,20876,12000,9990,7329
414,2017-08-18,13738,20884,12268,10174,7397
415,2017-08-21,13947,21383,12310,10308,7467
416,2017-08-22,13808,20601,12361,10537,7587
417,2017-08-23,13559,19962,12111,10560,7683
418,2017-08-24,13290,19203,11829,10682,7754
419,2017-08-25,13196,19164,11567,10698,7675
420,2017-08-28,13377,19853,11486,10702,7648
421,2017-08-29,13342,19736,11494,10699,7639
422,2017-08-30,13024,19025,11111,10721,7673
423,2017-08-31,12900,18693,11012,10722,7723
424,2017-09-01,13028,18875,11208,10755,7764
425,2017-09-04,13041,18771,11320,10760,7864
426,2017-09-05,13287,19199,11709,10754,7890
427,2017-09-06,13558,19461,12198,10830,8117
428,2017-09-07,13884,20111,12536,10867,8293
429,2017-09-08,14382,21186,12749,11166,8518
430,2017-09-11,14762,21649,13066,11457,9108
431,2017-09-12,15015,22106,13176,11622,9436
432,2017-09-13,14958,21300,13585,11752,9664
433,2017-09-14,15130,21103,13957,12088,9859
434,2017-09-15,15412,21540,14256,12261,9952
435,2017-09-18,15672,21794,14452,12627,10103
436,2017-09-19,15833,21709,14579,13000,10465
437,2017-09-20,16056,22099,14595,13296,10587
438,2017-09-21,16441,23178,14605,13414,10815
439,2017-09-22,16473,23651,14250,13365,10932
440,2017-09-25,16750,24631,13953,13550,11096
441,2017-09-26,16437,23874,13710,13502,11113
442,2017-09-27,15927,22577,13404,13449,10980
443,2017-09-28,15269,21213,13117,13047,10565
444,2017-09-29,14807,20558,12474,12826,10499
445,2017-10-10,15388,21453,13996,12366,10435
446,2017-10-11,15461,21442,14125,12457,10545
447,2017-10-12,15519,21145,14224,12793,10699
448,2017-10-13,15687,21086,14560,13035,10833
449,2017-10-16,16017,21639,14937,13194,10861
450,2017-10-17,16466,22864,15141,13257,10878
451,2017-10-18,16819,23339,15277,13773,11022
452,2017-10-19,16817,23355,15168,13843,11072
453,2017-10-23,16694,22721,15278,13976,11017
454,2017-10-24,16843,23128,15097,14199,11163
455,2017-10-25,16918,23281,15007,14342,11287
456,2017-10-26,16597,22730,14473,14379,11221
457,2017-10-27,16370,22580,14186,14154,10942
458,2017-10-30,16341,22944,13805,14137,10758
459,2017-10-31,16199,22930,13648,13929,10468
460,2017-11-01,15954,22474,13576,13696,10297
461,2017-11-02,15619,21740,13574,13350,10203
462,2017-11-03,15409,21132,13611,13245,10128
463,2017-11-06,15414,21149,13838,13030,10091
464,2017-11-07,15477,21511,13794,12941,10030
465,2017-11-08,15648,22409,13623,12832,9893
466,2017-11-09,15608,22809,13290,12677,9759
467,2017-11-10,15415,23141,12606,12426,9635
468,2017-11-13,15116,23001,12337,11984,9190
469,2017-11-14,14802,22514,12016,11813,8991
470,2017-11-15,14513,21946,11858,11615,8872
471,2017-11-16,14194,21353,11603,11449,8725
472,2017-11-17,14159,21473,11456,11391,8637
473,2017-11-20,14250,22011,11347,11279,8587
474,2017-11-21,14398,22327,11367,11436,8589
475,2017-11-22,14500,22454,11441,11560,8638
476,2017-11-23,14650,22787,11449,11692,8714
477,2017-11-24,14913,23415,11537,11837,8763
478,2017-11-27,15245,24363,11498,12019,8810
479,2017-11-28,15554,25224,11665,12041,8749
480,2017-11-29,15957,26290,11835,12131,8799
481,2017-11-30,16286,26795,12313,12222,8873
482,2017-12-01,16808,27925,12766,12352,8952
483,2017-12-04,17059,28382,13053,12412,9048
484,2017-12-05,17278,28753,13403,12438,9002
485,2017-12-06,17255,28490,13441,12556,9090
486,2017-12-07,17290,28528,13440,12635,9093
487,2017-12-08,17369,28894,13343,12635,9072
488,2017-12-11,17636,29575,13473,12701,9111
489,2017-12-12,17869,30143,13657,12725,9116
490,2017-12-13,17963,30014,14024,12751,9270
491,2017-12-14,17785,29176,14299,12728,9243
492,2017-12-15,17318,27574,14312,12721,9368
493,2017-12-18,16876,26350,14059,12748,9294
494,2017-12-19,16498,25284,13957,12666,9253
495,2017-12-20,15958,23741,13719,12675,9174
496,2017-12-21,15298,21871,13410,12671,9124
497,2017-12-22,14584,20519,12740,12361,8981
498,2018-01-02,12352,14070,12402,11838,8589
499,2018-01-03,12335,14657,11992,11655,8435
500,2018-01-04,12975,16884,11947,11608,8435
501,2018-01-05,13705,18729,12537,11596,8460
502,2018-01-08,13969,19289,12839,11608,8483
503,2018-01-09,14082,19361,13007,11733,8525
504,2018-01-10,14008,19160,12894,11795,8533
505,2018-01-11,13637,18192,12689,11740,8505
506,2018-01-12,13080,16473,12477,11820,8489
507,2018-01-15,13095,16739,12089,11986,8508
508,2018-01-16,12927,16153,12027,12056,8561
509,2018-01-17,12484,14690,11966,12084,8622
510,2018-01-18,12091,13114,12034,12288,8604
511,2018-01-19,12019,12629,12142,12391,8704
512,2018-01-22,11950,12161,12321,12438,8738
513,2018-01-23,12187,12599,12578,12523,8773
514,2018-01-24,12513,13361,12888,12510,8860
515,2018-01-25,12903,14440,13118,12493,8876
516,2018-01-26,13000,14628,13230,12520,8859
517,2018-01-29,13126,15152,13194,12449,8875
518,2018-01-30,12967,14878,13099,12300,8837
519,2018-01-31,12762,14592,12905,12100,8832
520,2018-02-01,12393,13733,12600,12025,8853
521,2018-02-02,12213,13374,12432,11960,8834
522,2018-02-05,12112,13240,12284,11937,8732
523,2018-02-06,12037,13368,12096,11793,8594
524,2018-02-07,12228,14258,11948,11693,8584
525,2018-02-08,12207,14476,11716,11643,8566
526,2018-02-09,12273,15023,11501,11541,8539
527,2018-02-12,12500,16009,11388,11424,8538
528,2018-02-13,12481,16064,11309,11402,8484
529,2018-02-14,12279,15488,11271,11351,8459
530,2018-02-19,12027,14229,11497,11529,8510
531,2018-02-20,12251,14536,11887,11562,8562
532,2018-02-21,12622,15392,12165,11652,8599
533,2018-02-22,12858,15890,12384,11702,8649
534,2018-02-23,13109,16056,12826,11888,8782
535,2018-02-26,13149,15670,13064,12140,8869
536,2018-02-27,13068,15059,13176,12336,8973
537,2018-02-28,12931,14333,13235,12479,9166
538,2018-03-02,13157,14475,13557,12686,9421
539,2018-03-05,13454,14892,13587,12994,10123
540,2018-03-06,13476,14728,13640,13166,10161
541,2018-03-07,13468,14385,13780,13279,10349
542,2018-03-08,13431,13641,14301,13358,10407
543,2018-03-09,13558,13823,14414,13460,10492
544,2018-03-12,13645,13721,14729,13519,10539
545,2018-03-13,13561,13263,14834,13565,10628
546,2018-03-14,13470,12923,14724,13694,10673
547,2018-03-15,13470,12674,14742,13857,10882
548,2018-03-16,13374,12270,14664,13992,10960
549,2018-03-19,13439,12083,14719,14303,11079
550,2018-03-20,13454,11761,14966,14402,11150
551,2018-03-21,13421,11522,14956,14502,11273
552,2018-03-22,13398,11372,14895,14555,11521
553,2018-03-23,13449,11584,14848,14548,11549
554,2018-03-26,13524,11836,14724,14652,11606
555,2018-03-27,13549,12088,14617,14594,11588
556,2018-03-28,13356,11636,14511,14541,11501
557,2018-03-29,13030,11014,14192,14422,11419
558,2018-03-30,12879,10841,14005,14350,11205
559,2018-04-02,12739,10886,13713,14185,11041
560,2018-04-03,12576,10701,13467,14093,10981
561,2018-04-04,12170,9991,12922,14026,10887
562,2018-04-05,11766,9197,12501,13925,10787
563,2018-04-06,11725,9418,12305,13805,10663
564,2018-04-09,11472,9255,11960,13497,10581
565,2018-04-10,11673,10048,11935,13410,10556
566,2018-04-11,11852,10522,12144,13342,10498
567,2018-04-12,11871,10759,12169,13197,10334
568,2018-04-13,11942,11083,12205,13088,10289
569,2018-04-16,12113,11726,12224,13017,10231
570,2018-04-17,12139,11968,12161,12919,10244
571,2018-04-18,12511,13297,12099,12884,10267
572,2018-04-19,12952,15166,11846,12781,10141
573,2018-04-20,13342,16585,11725,12785,10130
574,2018-04-23,13664,17838,11630,12686,10177
575,2018-04-24,13907,18626,11629,12707,10187
576,2018-04-25,14121,19238,11670,12765,10189
577,2018-04-26,14236,19418,11823,12798,10237
578,2018-04-27,14192,19194,11849,12834,10292
579,2018-04-30,14093,18842,11876,12817,10328
580,2018-05-02,13960,18269,12015,12802,10344
581,2018-05-03,14167,18911,12079,12809,10274
582,2018-05-04,14385,19523,12125,12862,10322
583,2018-05-08,14530,19928,12236,12815,10356
584,2018-05-09,14808,20948,12135,12827,10350
585,2018-05-10,15086,21820,12197,12805,10392
586,2018-05-11,15083,21783,12212,12795,10458
587,2018-05-14,15268,22494,12172,12728,10498
588,2018-05-15,15246,22434,12181,12682,10562
589,2018-05-16,15072,21779,12186,12741,10602
590,2018-05-17,14538,20039,12153,12730,10614
591,2018-05-18,14094,18631,12170,12643,10609
592,2018-05-21,13946,18191,12187,12648,10388
593,2018-05-23,13273,15978,12179,12621,10394
594,2018-05-24,12947,15199,11972,12546,10321
595,2018-05-25,12521,14009,11788,12497,10327
596,2018-05-28,12272,13340,11647,12464,10367
597,2018-05-29,12128,13024,11545,12376,10449
598,2018-05-30,11863,12739,10998,12335,10414
599,2018-05-31,12079,13723,10795,12295,10349
600,2018-06-01,12444,14890,10855,12296,10318
601,2018-06-04,12961,16351,11127,12286,10317
602,2018-06-05,13258,17331,11146,12281,10307
603,2018-06-07,14264,20119,11695,12289,10331
604,2018-06-08,14351,19864,12218,12318,10312
605,2018-06-11,14392,19793,12486,12278,10247
606,2018-06-12,14243,18969,12815,12282,10233
607,2018-06-14,14628,19700,13338,12312,10233
608,2018-06-15,14867,20038,13762,12351,10218
609,2018-06-18,14902,20116,13750,12404,10207
610,2018-06-19,14791,19821,13650,12427,10221
611,2018-06-20,14593,19405,13340,12491,10226
612,2018-06-21,14263,18537,13155,12455,10193
613,2018-06-22,13968,17944,12787,12431,10196
614,2018-06-25,13960,18091,12595,12461,10162
615,2018-06-26,13958,18168,12517,12456,10160
616,2018-06-27,13763,17748,12342,12409,10136
617,2018-06-28,13802,18107,12176,12358,10100
618,2018-06-29,14001,18796,12207,12318,10046
619,2018-07-02,14331,19920,12242,12266,10023
620,2018-07-03,14741,21348,12249,12209,9993
621,2018-07-04,14869,22068,12074,12111,9937
622,2018-07-05,15311,23671,12011,12057,9891
623,2018-07-06,15598,24644,12050,12014,9856
624,2018-07-09,15647,24859,12030,11991,9831
625,2018-07-10,15468,24165,12170,11957,9809
626,2018-07-11,15264,23211,12569,11843,9771
627,2018-07-12,15447,23648,12928,11704,9639
628,2018-07-13,15572,24149,12904,11655,9598
629,2018-07-16,15774,24822,12951,11611,9587
630,2018-07-17,15882,25171,12961,11616,9576
631,2018-07-18,15930,25443,12853,11616,9569
632,2018-07-19,15797,24813,12774,11884,9565
633,2018-07-20,15807,24813,12837,11853,9565
634,2018-07-23,15918,25069,12910,11906,9528
635,2018-07-24,16237,26032,12967,11954,9507
636,2018-07-25,16488,26735,13036,12015,9523
637,2018-07-26,16322,26161,13000,12071,9531
638,2018-07-27,16135,25559,12963,12078,9554
639,2018-07-30,16003,25090,12978,12087,9563
640,2018-07-31,16352,26396,12852,12068,9573
641,2018-08-01,16465,26896,12721,12071,9587
642,2018-08-02,16393,26859,12612,12015,9474
643,2018-08-03,16602,27638,12457,12086,9473
644,2018-08-06,16727,28319,12170,12117,9453
645,2018-08-07,16569,27952,12025,12132,9357
646,2018-08-08,16317,27225,11913,12182,9206
647,2018-08-09,16085,26580,11758,12216,9186
648,2018-08-10,16151,26793,11756,12228,9180
649,2018-08-13,16285,27071,11806,12357,9154
650,2018-08-14,16467,27515,11873,12471,9096
651,2018-08-16,16579,27089,12566,12564,9131
652,2018-08-17,16503,26496,12743,12732,9121
653,2018-08-20,16641,26566,13040,12817,9143
654,2018-08-21,16781,26749,13191,12931,9194
655,2018-08-22,16993,26682,13666,13185,9334
656,2018-08-23,17061,26384,14021,13320,9434
657,2018-08-24,16884,25490,14229,13411,9451
658,2018-08-27,16873,25338,14247,13490,9509
659,2018-08-28,16841,25190,14187,13579,9540
660,2018-08-29,16754,24789,14219,13651,9562
661,2018-08-30,16466,23959,14063,13660,9610
662,2018-08-31,16258,23518,13820,13645,9630
663,2018-09-03,16116,23129,13731,13640,9663
664,2018-09-04,16011,22939,13471,13715,9732
665,2018-09-05,15713,21933,13462,13722,9777
666,2018-09-06,15464,21065,13485,13734,9791
667,2018-09-07,15681,21454,13784,13756,9830
668,2018-09-10,15701,21396,13865,13792,9851
669,2018-09-11,15604,20876,13972,13873,9872
670,2018-09-12,15373,20078,13994,13874,9888
671,2018-09-13,15112,19134,14045,13877,9951
672,2018-09-14,15078,18892,14091,13956,9957
673,2018-09-17,15034,18639,14147,14003,9972
674,2018-09-18,14971,18423,14109,14039,9998
675,2018-09-19,15000,18389,14255,14025,9992
676,2018-09-20,15045,18477,14298,14042,10004
677,2018-09-21,15183,18616,14555,14085,10063
678,2018-09-27,15998,20073,15438,14362,10362
679,2018-09-28,16094,20314,15438,14420,10424
680,2018-10-01,16218,20829,15310,14441,10435
681,2018-10-02,16440,21621,15268,14435,10426
682,2018-10-04,16610,21884,15542,14466,10420
683,2018-10-05,16518,21418,15651,14517,10419
684,2018-10-08,16463,20731,16026,14641,10438
685,2018-10-10,16146,19798,15867,14673,10441
686,2018-10-11,16165,19906,15809,14688,10437
687,2018-10-12,16351,20478,15856,14691,10433
688,2018-10-15,16660,21424,16027,14615,10399
689,2018-10-16,16554,21195,15937,14616,10300
690,2018-10-17,16454,20896,15923,14622,10218
691,2018-10-18,16496,21029,15967,14593,10188
692,2018-10-19,16651,21636,15921,14555,10170
693,2018-10-22,16671,21896,15806,14488,10144
694,2018-10-23,16742,22489,15536,14432,10052
695,2018-10-24,16539,22318,15207,14292,9940
696,2018-10-25,16114,21327,14920,14189,9830
697,2018-10-26,15957,21339,14487,14100,9792
698,2018-10-29,15873,21514,14153,13976,9799
699,2018-10-30,15834,21799,13932,13818,9698
700,2018-10-31,15765,21726,13928,13680,9651
701,2018-11-01,15541,21198,13922,13495,9563
702,2018-11-02,15447,20960,13954,13410,9502
703,2018-11-05,15299,20642,13943,13257,9463
704,2018-11-06,15063,20159,13815,13108,9380
705,2018-11-07,14591,18895,13648,12992,9303
706,2018-11-09,13176,14553,13477,12843,9140
707,2018-11-12,12459,12734,13111,12674,9029
708,2018-11-13,12251,12310,12987,12557,8949
709,2018-11-14,11629,10539,12904,12362,8870
710,2018-11-15,11481,10388,12721,12228,8793
711,2018-11-16,11529,10914,12460,12144,8739
712,2018-11-19,11332,10831,12085,11968,8671
713,2018-11-20,11215,10600,11904,12010,8604
714,2018-11-21,11009,10197,11721,11922,8569
715,2018-11-22,11017,10416,11589,11874,8538
716,2018-11-23,11113,10883,11497,11812,8560
717,2018-11-26,11691,12738,11509,11891,8499
718,2018-11-27,13038,16963,11659,12012,8484
719,2018-11-28,13814,19413,11854,11964,8449
720,2018-11-29,13589,18501,12058,11931,8423
721,2018-11-30,13254,17278,12157,11956,8366
722,2018-12-03,12967,16163,12258,12020,8347
723,2018-12-04,12868,15724,12348,12040,8347
724,2018-12-05,13186,16578,12498,12097,8346
725,2018-12-06,13528,17544,12599,12170,8340
726,2018-12-07,13931,18899,12586,12172,8335
727,2018-12-10,14118,19481,12555,12247,8330
728,2018-12-11,14134,19518,12534,12285,8326
729,2018-12-12,13988,18991,12511,12353,8314
730,2018-12-13,14023,18868,12612,12484,8333
731,2018-12-14,14352,19636,12871,12551,8341
732,2018-12-17,14491,19850,13056,12626,8311
733,2018-12-18,14560,19873,13193,12701,8306
734,2018-12-19,14406,19248,13231,12774,8303
735,2018-12-20,14010,17914,13216,12802,8304
736,2018-12-21,13561,16658,12936,12858,8250
737,2019-01-02,13486,16693,12693,12845,8171
738,2019-01-03,13485,16869,12528,12824,8185
739,2019-01-04,13242,16432,12168,12820,8158
740,2019-01-07,13270,16690,12038,12785,8164
741,2019-01-08,13312,17059,11877,12751,8059
742,2019-01-09,13497,18004,11655,12671,7980
743,2019-01-10,13077,17083,11313,12550,7931
744,2019-01-11,12736,16454,10882,12490,7881
745,2019-01-14,12647,16526,10628,12386,7854
746,2019-01-15,12391,16171,10387,12154,7771
747,2019-01-16,12013,15199,10291,12002,7655
748,2019-01-17,11757,14842,10095,11729,7573
749,2019-01-18,11914,15965,9744,11496,7521
750,2019-01-21,12149,17432,9441,11178,7339
751,2019-01-22,11701,16564,9128,10928,7155
752,2019-01-23,11123,15325,8755,10647,7048
753,2019-01-24,10633,14571,8332,10255,6858
754,2019-01-25,10276,14270,7800,9974,6631
755,2019-01-28,9980,13877,7526,9700,6489
756,2019-01-29,9613,13189,7377,9363,6338
757,2019-01-30,9023,12122,6963,8950,6123
758,2019-01-31,8424,10540,6910,8665,5898
759,2019-02-01,8073,9646,6782,8542,5823
760,2019-02-07,7766,9511,6387,8109,5643
761,2019-02-08,7617,9063,6464,8012,5553
762,2019-02-11,7417,8908,6498,7518,5400
763,2019-02-12,7395,8706,6674,7469,5409
764,2019-02-13,7412,8581,6825,7494,5423
765,2019-02-14,7547,8731,6981,7639,5420
766,2019-02-15,7645,8819,7076,7748,5521
767,2019-02-18,7660,8783,7067,7849,5508
768,2019-02-19,7624,8428,7096,8025,5596
769,2019-02-20,7582,7908,7200,8248,5754
770,2019-02-21,7510,7443,7264,8377,5849
771,2019-02-22,7591,7423,7330,8563,5963
772,2019-02-25,7588,7279,7353,8662,6002
773,2019-02-26,7721,7251,7490,8967,6086
774,2019-02-27,7878,7293,7740,9166,6183
775,2019-02-28,7901,6892,8077,9291,6228
776,2019-03-04,8063,6706,8467,9594,6333
777,2019-03-05,8156,6592,8782,9690,6366
778,2019-03-06,8114,6268,8880,9774,6375
779,2019-03-07,8059,6057,8841,9816,6450
780,2019-03-08,8018,5996,8755,9816,6478
781,2019-03-11,8031,5959,8702,9939,6513
782,2019-03-12,8066,6014,8680,10016,6529
783,2019-03-13,8145,6359,8580,10025,6560
784,2019-03-14,8207,6699,8493,9990,6532
785,2019-03-15,8489,7462,8589,10048,6598
786,2019-03-18,8814,8234,8842,10093,6632
787,2019-03-19,8724,7775,8928,10164,6644
788,2019-03-20,8711,7649,8994,10176,6656
789,2019-03-21,8621,7090,9215,10194,6712
790,2019-03-22,8442,6268,9367,10264,6720
791,2019-03-25,8375,5939,9391,10322,6790
792,2019-03-26,8374,5899,9389,10361,6796
793,2019-03-27,8434,6037,9348,10464,6798
794,2019-03-28,8406,6004,9288,10463,6800
795,2019-03-29,8379,5915,9379,10376,6775
796,2019-04-01,8331,5844,9430,10270,6682
797,2019-04-02,8280,5697,9496,10183,6676
798,2019-04-03,8255,5621,9637,10071,6566
799,2019-04-04,8393,6182,9627,10002,6497
800,2019-04-05,8499,6648,9552,9972,6474
801,2019-04-08,8484,6892,9459,9809,6357
802,2019-04-09,8476,7009,9450,9696,6294
803,2019-04-10,8494,7249,9336,9644,6251
804,2019-04-11,8451,7383,9248,9485,6166
805,2019-04-12,8397,7259,9242,9436,6162
806,2019-04-15,8411,7284,9228,9467,6166
807,2019-04-16,8614,7666,9320,9632,6292
808,2019-04-17,8737,7720,9698,9613,6279
809,2019-04-18,8838,7881,9779,9701,6298
810,2019-04-19,8929,8067,9844,9745,6317
811,2019-04-22,8996,8207,9844,9816,6360
812,2019-04-24,9460,9213,10169,10014,6411
813,2019-04-25,9613,9548,10255,10100,6425
814,2019-04-26,9698,9919,10183,10076,6442
815,2019-04-29,9906,10604,10244,10041,6398
816,2019-04-30,10256,11924,10266,9898,6298
817,2019-05-02,10909,14124,10250,9887,6306
818,2019-05-03,10700,13526,10203,9854,6252
819,2019-05-07,10507,12806,10203,9925,6269
820,2019-05-08,10147,11407,10199,10093,6377
821,2019-05-09,10387,12131,10221,10135,6413
822,2019-05-10,10528,12516,10255,10178,6430
823,2019-05-13,10806,13175,10550,10158,6415
824,2019-05-14,10956,13425,10819,10142,6407
825,2019-05-15,10971,13249,10998,10180,6428
826,2019-05-16,10845,12767,11064,10174,6437
827,2019-05-17,10870,12735,11254,10114,6390
828,2019-05-20,11133,13685,11292,10027,6315
829,2019-05-21,11274,14134,11302,10043,6295
830,2019-05-22,11359,14328,11397,10054,6250
831,2019-05-23,11496,14652,11547,10050,6217
832,2019-05-24,11433,14412,11571,10067,6175
833,2019-05-27,11501,14479,11752,10063,6132
834,2019-05-28,11538,14584,11786,10049,6125
835,2019-05-29,11734,14891,12130,10054,6113
836,2019-05-30,11688,14625,12332,9966,6112
837,2019-05-31,11644,14515,12375,9899,6074
838,2019-06-03,11627,14544,12315,9842,6169
839,2019-06-04,11834,15468,12081,9816,6245
840,2019-06-05,11790,15633,11834,9750,6254
841,2019-06-07,12087,16664,11794,9724,6322
842,2019-06-10,12141,17064,11665,9651,6272
843,2019-06-11,12015,16715,11558,9633,6428
844,2019-06-12,11843,16128,11553,9647,6441
845,2019-06-13,11762,15921,11497,9640,6447
846,2019-06-14,11784,16022,11494,9615,6446
847,2019-06-17,11930,16506,11421,9668,6515
848,2019-06-18,11919,16761,11184,9634,6448
849,2019-06-19,12072,17423,11026,9634,6474
850,2019-06-20,12191,17834,10936,9699,6499
851,2019-06-21,12273,18214,10798,9727,6515
852,2019-06-24,12410,18693,10747,9755,6518
853,2019-06-25,12438,18548,10948,9787,6533
854,2019-06-26,12542,18673,11089,9861,6555
855,2019-06-27,12672,18931,11216,9905,6561
856,2019-06-28,12759,19058,11290,9984,6596
857,2019-07-01,12905,19284,11558,9978,6596
858,2019-07-02,13241,20088,11841,10008,6597
859,2019-07-03,13719,21364,12027,10122,6646
860,2019-07-04,14246,22713,12404,10145,6679
861,2019-07-05,14960,24600,12825,10208,6698
862,2019-07-08,15509,25609,13453,10425,6628
863,2019-07-09,15496,25434,13547,10464,6624
864,2019-07-10,15765,26051,13810,10480,6633
865,2019-07-11,15782,25813,14027,10558,6630
866,2019-07-12,16323,26709,14785,10702,6639
867,2019-07-15,16839,27683,15287,10939,6665
868,2019-07-16,17345,29074,15427,11078,6708
869,2019-07-17,17763,29964,15631,11360,6762
870,2019-07-18,18515,31944,15812,11682,6837
871,2019-07-19,18988,32631,16223,12122,6952
872,2019-07-22,19250,32979,16437,12387,7088
873,2019-07-23,19258,32584,16569,12655,7154
874,2019-07-24,18758,30734,16612,12781,7203
875,2019-07-25,18217,28961,16451,12881,7293
876,2019-07-26,17947,27611,16955,12866,7176
877,2019-07-29,17947,27756,16835,12839,7183
878,2019-07-30,18002,27913,16801,12901,7177
879,2019-07-31,17897,28168,16162,12935,7171
880,2019-08-01,17643,27810,15711,12899,7167
881,2019-08-02,17306,26838,15578,12886,7157
882,2019-08-05,17133,26828,15057,12843,7145
883,2019-08-06,17017,26680,14806,12822,7243
884,2019-08-07,16663,25436,14831,12868,7232
885,2019-08-08,16651,25024,15237,12830,7234
886,2019-08-09,16687,24753,15445,13008,7258
887,2019-08-12,16784,24969,15497,13051,7291
888,2019-08-13,17226,26041,15761,13138,7436
889,2019-08-14,17684,27291,15980,13185,7474
890,2019-08-16,18982,29744,17668,13344,7553
891,2019-08-19,19458,30703,18009,13596,7652
892,2019-08-20,19242,29628,18114,13811,7761
893,2019-08-21,19300,29218,18404,14081,7889
894,2019-08-22,19721,30329,18477,14259,8015
895,2019-08-23,20150,31349,18562,14530,8173
896,2019-08-26,20537,32328,18734,14657,8213
897,2019-08-27,20872,33094,18809,14899,8319
898,2019-08-28,21155,33406,19095,15189,8473
899,2019-08-29,21647,34694,19248,15380,8507
900,2019-08-30,21867,35185,19296,15428,8942
901,2019-09-02,22382,36463,19493,15637,9042
902,2019-09-03,22914,37906,19669,15759,9132
903,2019-09-04,23085,38244,19811,15829,9196
904,2019-09-05,23452,39444,19752,15862,9340
905,2019-09-06,23106,38530,19673,15750,9205
906,2019-09-09,22845,38331,19030,15716,9216
907,2019-09-10,22497,37331,18896,15692,9218
908,2019-09-11,22298,37414,18226,15613,9226
909,2019-09-16,21748,35240,18265,15848,9416
910,2019-09-17,21823,35459,18254,15882,9442
911,2019-09-18,21543,34761,18031,15875,9434
912,2019-09-19,21006,33258,17822,15845,9282
913,2019-09-20,20048,30253,17701,15766,9324
914,2019-09-23,19729,29288,17374,15994,9324
915,2019-09-24,19735,29550,17084,16046,9309
916,2019-09-25,19869,30441,16627,16059,9310
917,2019-09-26,19218,28845,16193,15932,9268
918,2019-09-27,18983,28414,15917,15886,9174
919,2019-09-30,18206,25988,15769,15874,9170
920,2019-10-01,17970,25359,15689,15819,9096
921,2019-10-02,17970,25568,15571,15755,9016
922,2019-10-04,17809,25094,15559,15721,8971
923,2019-10-07,17931,25434,15594,15749,8979
924,2019-10-08,18027,25932,15921,15291,8833
925,2019-10-10,19145,29153,16445,15263,8864
926,2019-10-11,19418,29559,16884,15313,8914
927,2019-10-14,19260,28925,16997,15318,8879
928,2019-10-15,19050,28281,17000,15256,8893
929,2019-10-16,18926,27929,16939,15249,8908
930,2019-10-17,18775,27697,16701,15224,8885
931,2019-10-18,18473,26913,16525,15172,8903
932,2019-10-21,18405,26943,16334,15112,8890
933,2019-10-22,18145,26221,16253,15058,8851
934,2019-10-23,17614,24933,15873,14944,8890
935,2019-10-24,17396,24714,15506,14827,8818
936,2019-10-25,17556,25595,15220,14776,8789
937,2019-10-28,17670,26125,15126,14723,8775
938,2019-10-29,17772,26714,14985,14623,8754
939,2019-10-30,17746,27023,14714,14505,8730
940,2019-10-31,17618,27016,14485,14332,8680
941,2019-11-01,17275,26403,14288,14038,8562
942,2019-11-04,17089,26320,14191,13659,8376
943,2019-11-07,15845,23994,13319,12827,8033
944,2019-11-08,14677,21400,12938,11978,7821
945,2019-11-11,14377,20980,12701,11660,7749
946,2019-11-12,14106,21560,11806,11133,7561
947,2019-11-13,14192,22117,11615,11047,7587
948,2019-11-14,14241,23238,10978,10779,7427
949,2019-11-15,14239,23439,10932,10638,7370
950,2019-11-18,14095,23460,10696,10395,7297
951,2019-11-19,13989,23394,10614,10196,7282
952,2019-11-20,13595,22129,10662,10157,7107
953,2019-11-25,13748,22297,10782,10367,7147
954,2019-11-26,14375,24363,10746,10413,7186
955,2019-11-27,14872,25913,10773,10483,7217
956,2019-11-28,14904,25825,10877,10551,7285
957,2019-11-29,14968,25733,10994,10696,7415
958,2019-12-02,15375,26796,11115,10853,7460
959,2019-12-03,15884,28308,11183,10961,7484
960,2019-12-04,16040,28721,11203,11039,7515
961,2019-12-05,15910,28229,11239,11052,7540
962,2019-12-06,15780,27342,11655,11091,7532
963,2019-12-09,15651,26765,11700,11166,7616
964,2019-12-10,15544,26238,11860,11176,7622
965,2019-12-11,15357,25248,12222,11182,7612
966,2019-12-12,14778,22900,12623,11212,7575
967,2019-12-13,14300,21131,12784,11231,7566
968,2019-12-16,14030,20350,12729,11180,7520
969,2019-12-17,13411,18571,12542,11098,7476
970,2019-12-18,13109,18080,12092,11048,7425
971,2019-12-19,12495,16940,11361,10923,7278
972,2019-12-20,11945,15556,11128,10727,7219
973,2019-12-23,11569,15327,10287,10578,7116
974,2019-12-24,11421,15518,9954,10261,7011
975,2020-01-03,9781,12778,8896,8824,6315
976,2020-01-06,8950,10958,8448,8404,6066
977,2020-01-07,8338,10094,7646,8067,5959
978,2020-01-08,7894,9076,7280,7985,5919
979,2020-01-09,7795,9258,6899,7865,5884
980,2020-01-10,7832,9646,6826,7702,5801
981,2020-01-13,7885,10181,6713,7492,5689
982,2020-01-14,7817,10060,6740,7371,5655
983,2020-01-15,7679,9715,6717,7284,5644
984,2020-01-16,7757,9508,7269,7208,5618
985,2020-01-17,7595,9044,7209,7187,5628
986,2020-01-20,7567,8842,7323,7179,5633
987,2020-01-21,7360,8324,7200,7166,5533
988,2020-01-22,7084,7801,6961,7062,5370
989,2020-01-28,6406,6091,6509,6994,5276
990,2020-01-29,6398,6158,6454,6969,5240
991,2020-01-30,6200,5675,6334,6931,5179
992,2020-01-31,6021,5440,6091,6821,5155
993,2020-02-03,5829,5326,5697,6725,5049
994,2020-02-04,5651,5136,5451,6607,4927
995,2020-02-05,5514,5034,5163,6564,4856
996,2020-02-06,5405,4768,5158,6512,4737
997,2020-02-07,5378,4738,5110,6511,4710
998,2020-02-10,5311,4539,5130,6479,4661
999,2020-02-11,5373,4614,5240,6512,4633
1000,2020-02-12,5400,4698,5217,6668,4249
1001,2020-02-13,5423,4745,5248,6678,4217
1002,2020-02-14,5576,4716,5790,6680,4199
1003,2020-02-17,5612,4714,5924,6695,4128
1004,2020-02-18,5744,4909,6157,6718,4088
1005,2020-02-19,5866,5161,6284,6752,4064
1006,2020-02-20,6018,5489,6350,6865,4071
1007,2020-02-21,6129,5407,6675,6975,4114
1008,2020-02-24,6178,5331,6851,7018,4186
1009,2020-02-25,6258,5119,7017,7266,4375
1010,2020-02-26,6202,4825,7017,7358,4417
1011,2020-02-27,6208,4703,7101,7383,4517
1012,2020-02-28,6230,4613,7148,7474,4601
1013,2020-03-02,6416,4694,7522,7602,4705
1014,2020-03-03,6479,4651,7636,7719,4773
1015,2020-03-04,6622,4766,7732,7975,4801
1016,2020-03-05,6679,4672,7869,8096,4882
1017,2020-03-06,6822,4686,8114,8273,5000
1018,2020-03-09,7006,4791,8443,8428,5070
1019,2020-03-10,7129,4713,8872,8487,5078
1020,2020-03-11,7234,4843,8807,8736,5185
1021,2020-03-12,7236,4874,8656,8851,5215
1022,2020-03-13,7193,4828,8470,8928,5256
1023,2020-03-16,7151,4829,8284,8973,5257
1024,2020-03-17,7094,4886,7991,9011,5279
1025,2020-03-18,7053,4921,7886,8943,5278
1026,2020-03-19,7095,5348,7573,8959,5312
1027,2020-03-20,7063,5474,7354,8949,5297
1028,2020-03-23,7017,5587,7097,8945,5281
1029,2020-03-24,6921,5714,6791,8832,5198
1030,2020-03-25,6774,5575,6628,8678,5096
1031,2020-03-26,6689,5532,6477,8618,5011
1032,2020-03-27,6625,5572,6337,8526,4944
1033,2020-03-30,6552,5605,6280,8344,4828
1034,2020-03-31,6689,6244,6330,8160,4694
1035,2020-04-01,7278,8031,6641,8054,4605
1036,2020-04-02,7336,8376,6765,7813,4499
1037,2020-04-03,7276,8329,6963,7530,4296
1038,2020-04-06,7236,8114,7158,7441,4221
1039,2020-04-07,7068,7635,7276,7261,4166
1040,2020-04-08,7069,7659,7390,7144,4115
1041,2020-04-09,7304,8266,7785,6969,3984
1042,2020-04-10,7517,9094,7834,6823,3911
1043,2020-04-13,7469,8985,7874,6758,3840
1044,2020-04-14,7370,8857,7901,6545,3790
1045,2020-04-16,7710,10259,7780,6444,3658
1046,2020-04-17,7851,10943,7656,6358,3640
1047,2020-04-20,7906,11291,7534,6326,3609
1048,2020-04-21,7723,11232,7194,6150,3500
1049,2020-04-22,7518,10753,7039,6107,3480
1050,2020-04-23,7323,10434,6860,5975,3420
1051,2020-04-24,7153,10058,6667,5986,3394
1052,2020-04-27,7129,9960,6576,6072,3463
1053,2020-04-28,7142,9731,6621,6259,3584
1054,2020-04-29,7102,9521,6664,6288,3601
1055,2020-05-06,6698,8198,6599,6271,3783
1056,2020-05-07,6418,7082,6759,6272,3838
1057,2020-05-08,6226,6411,6759,6299,3855
1058,2020-05-11,6148,6005,6775,6400,3943
1059,2020-05-12,5913,5054,6698,6589,4107
1060,2020-05-13,5675,4336,6460,6722,4198
1061,2020-05-14,5569,3974,6312,6837,4321
1062,2020-05-15,5658,4199,6255,6950,4364
1063,2020-05-18,5773,4553,6208,7017,4398
1064,2020-05-19,5916,4953,6156,7078,4600
1065,2020-05-20,6185,5592,6229,7223,4722
1066,2020-05-21,6521,6374,6352,7383,4878
1067,2020-05-22,6610,6505,6405,7473,4953
1068,2020-05-25,6640,6397,6584,7497,4971
1069,2020-05-26,6710,6352,6582,7727,5113
1070,2020-05-27,6815,6364,6721,7879,5261
1071,2020-05-28,6729,5762,6944,7966,5273
1072,2020-05-29,6599,5346,7000,7928,5168
1073,2020-06-01,6663,5595,7249,7691,5027
1074,2020-06-02,6811,5918,7539,7597,4947
1075,2020-06-03,7178,7042,7679,7564,4927
1076,2020-06-04,7605,8282,7895,7527,4934
1077,2020-06-05,7745,8698,7854,7569,5087
1078,2020-06-08,8104,9855,7804,7620,5200
1079,2020-06-09,8237,10286,7695,7662,5443
1080,2020-06-10,8425,10863,7600,7758,5592
1081,2020-06-11,8803,12181,7424,7850,5661
1082,2020-06-12,9333,13612,7653,7917,5786
1083,2020-06-15,9904,14994,7802,8235,5950
1084,2020-06-16,10196,15453,8022,8460,6158
1085,2020-06-17,11587,19506,8445,8559,6338
1086,2020-06-18,13462,24513,9315,8797,6742
1087,2020-06-19,14364,26844,9853,8873,6935
1088,2020-06-22,14213,25850,10076,9102,7043
1089,2020-06-23,14449,26291,10333,9163,7128
1090,2020-06-24,14931,27768,10392,9183,7288
1091,2020-06-25,15472,29665,10347,9140,7268
1092,2020-06-26,15641,30252,10284,9166,7303
1093,2020-06-29,15747,30611,10303,9160,7252
1094,2020-06-30,16179,31927,10415,9170,7252
1095,2020-07-01,16202,32003,10385,9213,7219
1096,2020-07-02,16036,31734,10378,9015,6981
1097,2020-07-03,16312,32750,10539,8839,6738
1098,2020-07-06,17093,34657,11329,8783,6623
1099,2020-07-07,17238,34504,11979,8783,6585
1100,2020-07-08,16924,32726,12765,8745,6528
1101,2020-07-09,16121,28897,13580,9023,6709
1102,2020-07-10,16425,29403,13904,9164,6839
1103,2020-07-13,16249,28646,13944,9274,6894
1104,2020-07-14,15943,27291,14167,9379,6920
1105,2020-07-15,15403,25331,14268,9431,6941
1106,2020-07-16,15096,24409,14106,9480,6979
1107,2020-07-17,15233,25038,13878,9532,6986
1108,2020-07-20,15368,25361,13906,9616,7030
1109,2020-07-21,15031,24508,13636,9616,7034
1110,2020-07-22,14107,21644,13449,9601,6992
1111,2020-07-23,13530,20166,12943,9662,6988
1112,2020-07-24,12902,18613,12590,9522,6844
1113,2020-07-27,12422,17422,12208,9501,6824
1114,2020-07-28,12371,17506,12006,9474,6747
1115,2020-07-29,12745,18772,12152,9355,6620
1116,2020-07-30,13155,20159,12303,9230,6475
1117,2020-07-31,13136,20077,12356,9201,6456
1118,2020-08-03,13207,20138,12654,9114,6358
1119,2020-08-04,13840,22164,12783,9077,6330
1120,2020-08-05,14271,23281,13118,9065,6321
1121,2020-08-06,14325,22919,13686,9042,6307
1122,2020-08-07,14319,22444,13922,9217,6442
1123,2020-08-10,14227,21677,14231,9330,6553
1124,2020-08-11,14394,21780,14522,9440,6715
1125,2020-08-12,14573,21593,15240,9498,6741
1126,2020-08-13,15020,22642,15663,9509,6760
1127,2020-08-14,15168,22825,15819,9631,6851
1128,2020-08-18,15155,22706,15785,9726,6900
1129,2020-08-19,15026,22464,15583,9739,6906
1130,2020-08-20,14882,22130,15406,9767,6909
1131,2020-08-21,14653,21359,15240,9924,6960
1132,2020-08-24,14315,20471,14957,9966,6967
1133,2020-08-25,14549,21163,14959,10041,6998
1134,2020-08-26,14903,22163,14958,10189,7106
1135,2020-08-27,14897,22184,14868,10233,7113
1136,2020-08-28,14910,22168,14958,10213,7087
1137,2020-08-31,14774,21704,14966,10214,7087
1138,2020-09-01,14739,21491,14935,10314,7173
1139,2020-09-02,14540,20953,14826,10294,7180
1140,2020-09-03,14206,20108,14561,10290,7186
1141,2020-09-04,13929,19378,14338,10318,7188
1142,2020-09-07,13796,19113,14148,10329,7192
1143,2020-09-08,13597,18557,14077,10302,7160
1144,2020-09-09,13434,18163,13995,10248,7122
1145,2020-09-10,13298,17854,13872,10228,7115
1146,2020-09-11,13016,17514,13340,10181,7057
1147,2020-09-14,13059,17777,13224,10179,7049
1148,2020-09-15,13196,18538,12871,10217,7089
1149,2020-09-16,13232,18648,12768,10292,7199
1150,2020-09-17,13291,18766,12718,10403,7249
1151,2020-09-18,13336,18890,12718,10424,7267
1152,2020-09-21,13379,19003,12724,10444,7275
1153,2020-09-22,13559,19440,12805,10524,7279
1154,2020-09-23,14109,21188,12844,10557,7321
1155,2020-09-24,14735,23256,12846,10570,7334
1156,2020-09-25,15525,25747,12900,10637,7404
1157,2020-09-28,15696,26128,12995,10714,7452
1158,2020-09-29,15676,25975,13056,10735,7457
1159,2020-10-05,18176,34522,13044,10556,7395
1160,2020-10-06,18537,35606,13173,10547,7393
1161,2020-10-07,18596,35756,13280,10493,7375
1162,2020-10-08,18074,33625,13360,10807,7361
1163,2020-10-12,17073,30197,13488,10773,7360
1164,2020-10-13,16742,29044,13542,10768,7361
1165,2020-10-14,16162,26935,13714,10752,7418
1166,2020-10-15,15532,24838,13799,10683,7368
1167,2020-10-16,15113,23626,13585,10713,7357
1168,2020-10-19,14204,20754,13288,10842,7391
1169,2020-10-20,13978,20091,13162,10877,7388
1170,2020-10-21,13584,18847,13098,10873,7388
1171,2020-10-22,13745,19544,13004,10828,7324
1172,2020-10-23,13928,20353,12828,10809,7312
1173,2020-10-26,13889,20297,12784,10778,7310
1174,2020-10-27,13828,20186,12750,10753,7216
1175,2020-10-28,13829,20362,12622,10710,7210
1176,2020-10-29,13521,19491,12457,10722,7204
1177,2020-10-30,12793,17142,12375,10727,7200
1178,2020-11-02,12816,17358,12336,10672,7066
1179,2020-11-03,12785,17482,12297,10538,6902
1180,2020-11-04,12524,16786,12171,10502,6869
1181,2020-11-05,12367,16414,12113,10448,6745
1182,2020-11-06,12207,15978,12042,10429,6727
1183,2020-11-09,12170,16288,11943,10102,6703
1184,2020-11-10,12182,16581,11757,10043,6673
1185,2020-11-11,12085,16393,11630,10036,6671
1186,2020-11-12,11656,15071,11606,9982,6585
1187,2020-11-13,11563,14755,11682,9912,6579
1188,2020-11-16,11542,14555,11815,9910,6579
1189,2020-11-17,11516,14401,11885,9908,6579
1190,2020-11-18,11452,13990,11992,9962,6689
1191,2020-11-19,11650,14088,12309,10161,6825
1192,2020-11-20,11871,14202,12712,10329,6985
1193,2020-11-23,12013,14243,12893,10495,7236
1194,2020-11-24,12217,14397,13158,10684,7454
1195,2020-11-25,12275,14192,13301,10901,7569
1196,2020-11-26,12499,14431,13601,11076,7667
1197,2020-11-27,12680,14575,13710,11388,7780
1198,2020-11-30,12757,14691,13881,11360,7774
1199,2020-12-01,12713,14598,13895,11332,7654
1200,2020-12-02,12501,14107,13853,11208,7509
1201,2020-12-03,12478,14246,13732,11144,7418
1202,2020-12-04,12342,14066,13481,11129,7396
1203,2020-12-07,12437,14313,13617,11099,7281
1204,2020-12-08,12220,13620,13585,11108,7260
1205,2020-12-09,11929,12407,13815,11125,7244
1206,2020-12-10,11882,11956,13952,11201,7496
1207,2020-12-11,12433,12993,14323,11501,7883
1208,2020-12-14,12699,13563,14443,11635,8062
1209,2020-12-15,12843,13903,14510,11643,8264
1210,2020-12-16,13117,14719,14479,11711,8438
1211,2020-12-17,13291,15331,14375,11772,8478
1212,2020-12-18,13294,15661,14029,11796,8480
1213,2020-12-21,13346,16343,13694,11665,8351
1214,2020-12-22,13313,16603,13404,11598,8318
1215,2020-12-23,13380,17187,13021,11548,8532
1216,2020-12-24,13438,17588,12819,11530,8570
1217,2021-01-05,13427,18138,12739,11019,8585
1218,2021-01-06,13802,18881,13276,10981,8603
1219,2021-01-07,14062,19021,13834,11090,8790
1220,2021-01-08,14558,20258,14218,11121,8791
1221,2021-01-11,15670,23153,14870,11215,8982
1222,2021-01-12,16720,26238,15087,11380,9087
1223,2021-01-13,17492,28359,15295,11572,9237
1224,2021-01-14,17438,28069,15354,11613,9273
1225,2021-01-15,16825,25944,15306,11712,9365
1226,2021-01-18,16551,24841,15284,11903,9427
1227,2021-01-19,16454,24286,15261,12111,9569
1228,2021-01-20,16559,24587,15238,12168,9607
1229,2021-01-21,16733,24659,15264,12498,10071
1230,2021-01-22,16747,24531,15232,12651,10223
1231,2021-01-25,16632,24134,15210,12680,10250
1232,2021-01-26,16148,22200,15349,12806,10409
1233,2021-01-27,15403,19713,15317,12838,10425
1234,2021-01-28,14489,16897,15151,12792,10367
1235,2021-01-29,14049,15628,15012,12752,10315
1236,2021-02-01,14034,15663,14962,12711,10331
1237,2021-02-02,13840,15174,14905,12614,10315
1238,2021-02-03,13415,13899,14809,12585,10270
1239,2021-02-04,13252,13319,14860,12575,10254
1240,2021-02-05,13295,13426,14914,12561,10249
1241,2021-02-08,13358,13351,15157,12601,10259
1242,2021-02-09,13246,12584,15531,12629,10228
1243,2021-02-10,13209,11831,16090,12701,10228
1244,2021-02-15,13613,11449,17545,12905,10435
1245,2021-02-16,14119,11972,18547,13004,10623
1246,2021-02-17,15799,14326,21078,13635,10870
1247,2021-02-18,18417,18137,24204,15049,12002
1248,2021-02-19,18023,16680,23369,15867,12482
1249,2021-02-22,17765,15521,23173,16262,12780
1250,2021-02-23,17937,15140,23064,17183,13211
1251,2021-02-24,18129,14113,23276,18196,14537
1252,2021-02-25,18168,14036,22981,18687,14573
1253,2021-02-26,18003,13748,22542,18830,14675
1254,2021-03-02,17865,13278,21912,19304,15166
1255,2021-03-03,18462,14129,22392,19845,15527
1256,2021-03-04,19659,16581,22396,20808,17238
1257,2021-03-05,20133,16650,22976,21395,18265
1258,2021-03-08,20562,17479,23212,21618,18689
1259,2021-03-09,21124,17739,23585,22371,20156
1260,2021-03-10,22029,19582,23608,23220,21062
1261,2021-03-11,22322,19688,23466,23950,21907
1262,2021-03-12,22483,19303,23597,24517,22580
1263,2021-03-15,22768,18961,24015,25270,22946
1264,2021-03-16,23127,19336,24324,25624,23419
1265,2021-03-17,23364,19543,24713,25769,23565
1266,2021-03-18,24380,20438,26648,26155,24076
1267,2021-03-19,26068,22067,29402,26983,25330
1268,2021-03-22,26465,22368,30559,26846,25335
1269,2021-03-23,26506,22496,30236,27230,25175
1270,2021-03-24,25313,21469,27985,26673,24748
1271,2021-03-25,24597,20772,27007,26199,24038
1272,2021-03-26,24367,21290,26969,25314,22950
1273,2021-03-29,24333,22034,26886,24715,22421
1274,2021-03-30,23747,21650,26548,23796,21490
1275,2021-03-31,22878,20882,25424,22888,21197
1276,2021-04-01,22639,21972,23996,22526,20908
1277,2021-04-02,22995,23453,23608,22536,21164
1278,2021-04-06,22972,24233,23439,22161,20225
1279,2021-04-07,22955,24899,22839,22069,20132
1280,2021-04-08,23123,25969,22263,22141,20108
1281,2021-04-09,22949,26246,21452,22070,20184
1282,2021-04-12,23195,27778,20513,22261,20296
1283,2021-04-13,23797,30234,20032,22262,20388
1284,2021-04-14,23349,29223,19385,22412,20426
1285,2021-04-15,24172,30782,20480,22497,20450
1286,2021-04-16,24810,31331,21593,22706,21211
1287,2021-04-19,25028,31641,21875,22787,21373
1288,2021-04-20,25550,31832,23092,22989,21765
1289,2021-04-21,26548,32909,25158,23112,21941
1290,2021-04-22,27922,35475,26315,23753,22589
1291,2021-04-23,27779,35256,25527,24179,22904
1292,2021-04-26,28139,36213,25411,24468,23118
1293,2021-04-27,28646,37550,25402,24796,23217
1294,2021-04-28,29464,39404,26025,25040,23239
1295,2021-04-29,30009,40919,26315,25048,23248
1296,2021-04-30,30246,41613,26401,25039,23300
1297,2021-05-03,30658,42309,26540,25567,23336
1298,2021-05-04,30923,42525,26927,25765,23580
1299,2021-05-06,32891,47365,28648,25681,23824
1300,2021-05-07,32596,45071,29375,26198,24030
1301,2021-05-10,33232,45775,30190,26680,24380
1302,2021-05-11,33795,46150,30782,27471,24740
1303,2021-05-12,33436,43983,31208,27889,25123
1304,2021-05-13,32525,41203,30726,28101,25158
1305,2021-05-14,32045,39991,30082,28296,25343
1306,2021-05-17,30701,35911,29575,28383,25399
1307,2021-05-18,29853,33875,28964,28202,25408
1308,2021-05-20,30217,34656,29126,28396,25635
1309,2021-05-21,30372,35524,29189,28074,25362
1310,2021-05-24,30716,37024,28969,27921,25424
1311,2021-05-25,30526,36611,28829,27839,25419
1312,2021-05-26,30035,34984,28563,28020,25650
1313,2021-05-27,29148,32756,28124,27863,25251
1314,2021-05-28,28469,30992,28015,27619,24814
1315,2021-05-31,27577,28909,28015,26985,24045
1316,2021-06-01,27405,28779,28111,26631,23486
1317,2021-06-02,27211,28176,28546,26224,23271
1318,2021-06-03,26587,26259,28730,25958,23029
1319,2021-06-04,26209,24937,28958,25808,22981
1320,2021-06-07,25789,23793,28570,25866,23203
1321,2021-06-08,25424,22814,28446,25764,23162
1322,2021-06-09,25442,22618,28714,25754,23159
1323,2021-06-10,26208,24419,29172,25987,23346
1324,2021-06-11,27712,28072,30192,26210,23696
1325,2021-06-14,29049,31503,30864,26460,24017
1326,2021-06-15,29582,32638,31307,26590,24215
1327,2021-06-16,30578,34541,31825,27276,24857
1328,2021-06-17,31933,37218,32981,27855,25175
1329,2021-06-18,31747,36597,32652,28117,25372
1330,2021-06-21,31013,34028,32550,28298,25498
1331,2021-06-22,30609,32816,32347,28358,25528
1332,2021-06-23,30275,31870,32121,28429,25492
1333,2021-06-24,30899,33338,32210,28797,25953
1334,2021-06-25,31765,34869,32529,29655,26489
1335,2021-06-28,32397,35853,33255,30032,26556
1336,2021-06-29,33068,36826,34200,30336,26589
1337,2021-06-30,33426,36675,35192,30593,26876
1338,2021-07-01,33351,34558,36216,31294,27309
1339,2021-07-02,33008,32231,37087,31569,27415
1340,2021-07-05,32831,31203,38077,31108,27150
1341,2021-07-06,32565,30440,37976,31155,26939
1342,2021-07-07,32651,30885,38068,30926,26875
1343,2021-07-08,33359,32925,38246,31101,26777
1344,2021-07-09,33303,32894,38084,31145,26663
1345,2021-07-12,33342,33344,37897,31032,26600
1346,2021-07-13,33223,33338,37731,30864,26427
1347,2021-07-14,32625,32240,37319,30456,26200
1348,2021-07-15,31519,30807,35496,30060,26102
1349,2021-07-16,31168,31130,34445,29869,25345
1350,2021-07-19,31123,31478,34229,29617,25258
1351,2021-07-20,31245,32105,34058,29612,25123
1352,2021-07-21,31293,32265,33900,29754,25176
1353,2021-07-22,31653,33071,33859,30085,25481
1354,2021-07-23,32709,35931,33942,30568,25764
1355,2021-07-26,33124,36964,33895,30857,26095
1356,2021-07-27,32954,36476,33719,30936,26153
1357,2021-07-28,32796,36045,33502,30976,26394
1358,2021-07-29,33068,37268,33011,31142,26418
1359,2021-07-30,33530,38885,32750,31278,26562
1360,2021-08-02,34189,40738,32447,31661,27353
1361,2021-08-03,34100,40154,32464,31875,27517
1362,2021-08-04,34231,40292,32582,32003,27678
1363,2021-08-05,34593,41158,32740,32199,27638
1364,2021-08-06,34878,41794,32863,32304,27902
1365,2021-08-09,34765,41075,33050,32413,28036
1366,2021-08-10,35081,41436,33136,32970,28182
1367,2021-08-11,35027,40656,33369,33207,28573
1368,2021-08-12,35490,41431,33626,33615,28889
1369,2021-08-13,35945,42253,33780,33998,29357
1370,2021-08-17,37078,44610,34180,34660,30436
1371,2021-08-18,37744,45706,34645,35193,30812
1372,2021-08-19,39060,49058,35040,35690,31241
1373,2021-08-20,40193,51669,35230,36407,32012
1374,2021-08-23,40791,52866,35362,36905,32514
1375,2021-08-24,41326,53739,35677,37391,32841
1376,2021-08-25,41993,53921,36446,38425,33559
1377,2021-08-26,42003,52462,36773,39299,34427
1378,2021-08-27,42234,52481,36984,39710,34819
1379,2021-08-30,42417,52806,36997,39936,34951
1380,2021-08-31,42285,52350,37006,39928,34996
1381,2021-09-01,41104,49325,36760,39463,34398
1382,2021-09-02,40320,47731,36277,39006,34159
1383,2021-09-03,40160,48089,36035,38462,33843
1384,2021-09-06,39585,47250,35610,37974,33348
1385,2021-09-07,38250,44069,35087,37392,32859
1386,2021-09-08,37559,42666,34808,36879,32533
1387,2021-09-09,37098,41697,34728,36436,32399
1388,2021-09-10,37683,43463,34867,36446,32509
1389,2021-09-13,39565,49061,35241,36611,32915
1390,2021-09-14,41864,55922,35712,36814,33300
1391,2021-09-15,41712,55132,35895,36883,33390
1392,2021-09-16,41459,53615,36193,37199,33564
1393,2021-09-17,41583,53663,36410,37380,33474
1394,2021-09-23,45382,64784,37382,37770,34012
1395,2021-09-24,45352,64506,37405,37893,34110
1396,2021-09-27,45391,64342,37411,38103,34344
1397,2021-09-28,46197,66897,37442,38217,34303
1398,2021-09-29,48482,74331,37618,38283,34127
1399,2021-09-30,49666,78097,37675,38378,34211
1400,2021-10-01,49359,77372,37582,38219,34074
1401,2021-10-05,50144,80438,37465,38003,33725
1402,2021-10-06,51336,84800,37253,37888,33535
1403,2021-10-07,52376,88256,37193,37933,33613
1404,2021-10-08,51385,84950,36987,38145,33600
1405,2021-10-12,50312,81041,37084,38318,33791
1406,2021-10-13,49306,77329,37195,38625,33611
1407,2021-10-14,48552,74156,37455,38993,33703
1408,2021-10-15,46756,67436,37866,39258,33882
1409,2021-10-18,45263,61550,38388,39552,34159
1410,2021-10-19,44762,59409,38546,39815,34303
1411,2021-10-20,44838,59203,38738,40086,34300
1412,2021-10-21,44637,57748,39410,40253,34138
1413,2021-10-22,43302,53363,39686,40044,33745
1414,2021-10-25,42278,50278,39782,39702,33492
1415,2021-10-26,40548,45031,39733,39407,32963
1416,2021-10-27,39047,41206,39172,38980,32398
1417,2021-10-28,37461,38773,37885,37735,31435
1418,2021-10-29,36652,38244,36768,36893,30807
1419,2021-11-01,35480,37197,35822,35435,29442
1420,2021-11-02,33764,34422,34292,34447,28158
1421,2021-11-03,30466,30480,30363,31882,26481
1422,2021-11-04,27905,27675,27634,29361,25037
1423,2021-11-05,27193,27100,26929,28562,24159
1424,2021-11-08,26888,27610,26692,27576,23244
1425,2021-11-09,27187,29553,26426,27056,22768
1426,2021-11-10,27869,32119,26809,26535,22298
1427,2021-11-11,28086,33263,26799,26209,22052
1428,2021-11-12,28045,33534,26668,26047,21704
1429,2021-11-15,27941,33464,26444,26037,21574
1430,2021-11-16,27173,31823,25513,26055,21560
1431,2021-11-17,25488,27638,24059,26076,21567
1432,2021-11-18,24688,27127,22450,25594,21368
1433,2021-11-19,25068,29281,21710,25494,21223
1434,2021-11-22,25517,31419,21494,25178,20898
1435,2021-11-23,26502,34813,21514,25132,20649
1436,2021-11-24,26716,35037,21679,25424,20741
1437,2021-11-25,26112,32393,21818,25824,21013
1438,2021-11-26,26632,33159,22392,26140,21245
1439,2021-11-29,27470,34767,23198,26433,21506
1440,2021-11-30,28565,37686,23694,26608,21686
1441,2021-12-01,29363,38844,24760,26934,22018
1442,2021-12-02,29344,37659,25506,27234,22245
1443,2021-12-03,29898,38360,26398,27421,22445
1444,2021-12-06,30206,38481,26807,27825,22725
1445,2021-12-07,31096,40194,27495,28255,23129
1446,2021-12-08,32291,43178,27809,28789,23579
1447,2021-12-09,32671,44255,27622,29067,23872
1448,2021-12-10,31879,41784,27480,29023,23927
1449,2021-12-13,31187,39550,27009,29353,24133
1450,2021-12-14,30582,37872,26578,29430,24176
1451,2021-12-15,28823,32894,26032,29294,23575
1452,2021-12-16,26656,26691,25381,28913,23602
1453,2021-12-17,25479,24619,24130,28444,23212
1454,2021-12-20,24627,22941,23342,28159,22941
1455,2021-12-21,24674,24145,22964,27585,22663
1456,2021-12-22,24075,22691,22678,27357,22574
1457,2021-12-23,23818,21873,22780,27215,22579
1458,2021-12-24,23622,20979,22946,27265,22651
1459,2022-01-03,24346,21821,25054,26655,22868
1460,2022-01-04,24205,21311,25344,26454,22723
1461,2022-01-05,24093,20778,26207,25957,22104
1462,2022-01-06,23738,19563,26808,25526,21691
1463,2022-01-07,23820,20330,26829,25081,21479
1464,2022-01-10,23764,21483,26011,24689,21095
1465,2022-01-11,23240,21944,25083,23698,20221
1466,2022-01-12,22378,20169,24377,23398,19951
1467,2022-01-13,21196,17446,23333,23251,19870
1468,2022-01-14,19897,14466,22598,22818,19321
1469,2022-01-17,19330,13314,22260,22512,19045
1470,2022-01-18,18936,13415,21609,21946,18447
1471,2022-01-19,18195,12608,20689,21351,18012
1472,2022-01-20,17593,11990,19769,20995,17662
1473,2022-01-21,16867,10163,19415,20788,17574
1474,2022-01-24,16367,8681,19354,20717,17418
1475,2022-01-25,16365,8687,19411,20682,17316
1476,2022-01-26,15818,7325,19059,20617,17178
1477,2022-01-27,15658,7540,18375,20590,17068
1478,2022-01-28,15830,8368,18126,20571,17104
1479,2022-02-03,16549,11668,17511,19969,18050
1480,2022-02-04,16562,11933,17573,19617,18254
1481,2022-02-07,16725,11673,17776,20203,18291
1482,2022-02-08,17067,11168,18656,20847,18656
1483,2022-02-09,18037,11696,19459,22445,19569
1484,2022-02-10,20238,15822,20454,24277,20727
1485,2022-02-11,21269,16778,21590,25322,21618
1486,2022-02-14,21779,16738,22266,26266,21976
1487,2022-02-15,21735,15933,22358,26634,22572
1488,2022-02-16,21496,14778,22181,26954,23222
1489,2022-02-17,21041,13215,21946,27123,23556
1490,2022-02-18,21185,13918,21846,27014,23518
1491,2022-02-21,21682,15425,21964,27005,23641
1492,2022-02-22,22809,17433,22558,27932,24319
1493,2022-02-23,24041,19338,23944,28383,25413
1494,2022-02-24,24863,20037,25156,28975,26121
1495,2022-02-25,24193,17406,25205,29156,26624
1496,2022-02-28,23901,16077,25145,29453,26990
1497,2022-03-02,24751,17129,25577,30357,28318
1498,2022-03-03,25272,17674,25898,30932,29215
1499,2022-03-04,25304,16416,26421,31566,29831
1500,2022-03-07,25864,16887,27073,32043,30635
1501,2022-03-08,26721,17497,27737,33367,31411
1502,2022-03-10,29369,21369,30393,34994,33421
1503,2022-03-11,29424,21694,30866,34548,32910
1504,2022-03-14,29675,22550,30606,34686,33226
1505,2022-03-15,29429,23462,29856,33873,32717
1506,2022-03-16,28813,23200,28789,33284,32307
1507,2022-03-17,28174,22010,27914,33195,32389
1508,2022-03-18,28572,23475,27634,33337,32389
1509,2022-03-21,28830,23328,27735,34094,32828
1510,2022-03-22,28729,21884,28095,34700,33254
1511,2022-03-23,28454,19381,28955,35294,33652
1512,2022-03-24,29030,19784,30019,35654,33924
1513,2022-03-25,28873,19086,30565,35361,33695
1514,2022-03-28,28252,17693,30552,34826,33307
1515,2022-03-29,27669,16575,30372,34274,33027
1516,2022-03-30,27121,16105,29850,33607,32518
1517,2022-03-31,26619,16167,29247,32600,32145
1518,2022-04-01,26364,16513,28625,32084,31972
1519,2022-04-04,25778,16650,28115,31084,30237
1520,2022-04-05,24850,15213,27699,30130,29375
1521,2022-04-06,24119,14095,27045,29686,28710
1522,2022-04-07,23346,13525,25945,29031,27960
1523,2022-04-08,23187,14076,25680,28459,27230
1524,2022-04-11,22740,13714,25366,27787,26800
1525,2022-04-12,22515,13437,25331,27454,26489
1526,2022-04-13,22523,13434,26019,26953,26014
1527,2022-04-14,22878,13672,26733,27202,25966
1528,2022-04-15,23255,14441,26892,27448,26206
1529,2022-04-18,23553,14938,26887,27900,26355
1530,2022-04-19,23334,14083,26894,28033,26310
1531,2022-04-20,23404,13137,27145,28798,26804
1532,2022-04-21,23864,13939,27113,29448,27140
1533,2022-04-22,24901,16906,26969,29956,27516
1534,2022-04-25,25706,18850,26845,30739,27760
1535,2022-04-26,26144,20022,26689,31072,28096
1536,2022-04-27,26424,20671,26440,31543,28281
1537,2022-04-28,26635,21141,26316,31895,28297
1538,2022-04-29,26401,20238,26292,32018,28368
1539,2022-05-02,26297,19949,26126,32083,28497
1540,2022-05-03,26267,19942,25983,32165,28403
1541,2022-05-04,26566,20348,26434,32315,28373
1542,2022-05-06,28210,24066,27931,32522,28546
1543,2022-05-09,29454,27028,28388,33107,28978
1544,2022-05-10,30656,29544,29549,33342,29253
1545,2022-05-11,31912,32206,30267,34105,29392
1546,2022-05-12,32883,35019,30504,34246,29523
1547,2022-05-13,32970,35294,30540,34156,29732
1548,2022-05-16,32781,34784,30315,34249,29770
1549,2022-05-17,32754,35471,30015,33691,30011
1550,2022-05-18,33114,36112,30562,33713,29983
1551,2022-05-19,34166,38595,31241,33984,30197
1552,2022-05-20,34144,38213,31337,34173,30270
1553,2022-05-23,34547,39401,31564,34100,30272
1554,2022-05-24,34544,38984,31525,34541,30293
1555,2022-05-25,33764,36644,31347,34477,30242
1556,2022-05-26,32519,33531,30547,34309,30026
1557,2022-05-27,30543,28206,29960,33772,29621
1558,2022-05-30,28769,23794,29077,33290,29214
1559,2022-05-31,27929,23085,27824,32655,28599
1560,2022-06-02,27868,24219,27360,31939,28124
1561,2022-06-03,27599,23756,27183,31732,27972
1562,2022-06-07,26999,23750,26520,30684,27127
1563,2022-06-08,26558,23127,26145,30322,26799
1564,2022-06-09,25585,21210,25662,29629,26351
1565,2022-06-10,25127,21043,25106,28979,25886
1566,2022-06-13,24799,20813,24716,28654,25443
1567,2022-06-14,24420,19872,24568,28494,25395
1568,2022-06-15,24787,20486,25192,28506,25317
1569,2022-06-16,25301,21619,25657,28600,25377
1570,2022-06-17,26085,23894,26083,28462,25536
1571,2022-06-20,26552,25119,26330,28491,25701
1572,2022-06-21,26276,24264,26301,28443,25733
1573,2022-06-22,25250,21285,26154,28270,25376
1574,2022-06-23,24216,18538,25786,28073,24972
1575,2022-06-24,24341,19976,25119,27762,24842
1576,2022-06-27,24200,19876,24828,27653,24929
1577,2022-06-28,23668,19105,24592,27085,24339
1578,2022-06-29,22887,18022,24125,26187,23867
1579,2022-06-30,22948,19769,23757,25197,23311
1580,2022-07-01,23153,20497,23740,25212,23185
1581,2022-07-04,22864,19893,23642,25013,23003
1582,2022-07-05,22111,18033,23441,24714,22547
1583,2022-07-06,21532,16731,23059,24544,22312
1584,2022-07-07,21353,17310,22671,23911,21851
1585,2022-07-08,21459,18846,22073,23507,21317
1586,2022-07-11,21356,19298,21618,23262,21028
1587,2022-07-12,21064,19670,20759,22883,20699
1588,2022-07-13,20420,18779,19847,22627,20444
1589,2022-07-14,20298,19545,18993,22410,20139
1590,2022-07-15,20387,20911,18072,22333,19923
1591,2022-07-18,21254,24091,17772,22377,19818
1592,2022-07-19,21294,24221,17748,22408,19807
1593,2022-07-20,21238,23222,17946,22876,20248
1594,2022-07-21,21052,21863,18359,23158,20381
1595,2022-07-22,21264,21994,18572,23425,20669
1596,2022-07-25,21432,21941,18933,23604,20884
1597,2022-07-26,21121,21078,18814,23559,20857
1598,2022-07-27,20516,19916,18569,23109,20380
1599,2022-07-28,19923,18634,18323,22784,20005
1600,2022-07-29,19334,17436,18189,22284,19614
1601,2022-08-01,19006,17178,18106,21717,19054
1602,2022-08-02,18713,16984,18063,21141,18565
1603,2022-08-03,18033,16372,17971,19912,17568
1604,2022-08-04,17140,14456,17890,19161,16880
1605,2022-08-05,16541,13021,17931,18661,16569
1606,2022-08-08,16255,13408,17886,17549,16019
1607,2022-08-09,16317,13972,17833,17258,15981
1608,2022-08-10,16358,14410,17934,16972,15636
1609,2022-08-11,16435,14733,18042,16861,15439
1610,2022-08-12,16074,13441,18138,16862,15418
1611,2022-08-16,15095,10036,18036,17111,15403
1612,2022-08-17,15143,10087,17912,17279,15596
1613,2022-08-18,15234,9978,17620,17913,15812
1614,2022-08-19,15118,9399,17074,18493,16284
1615,2022-08-22,14994,8900,16721,18839,16557
1616,2022-08-23,15169,9358,16343,19277,16754
1617,2022-08-24,15236,9490,16057,19570,17011
1618,2022-08-25,14916,8708,15699,19619,17086
1619,2022-08-26,14064,6668,15331,19239,16930
1620,2022-08-29,13735,6360,14954,18917,16659
1621,2022-08-30,13470,6331,14809,18372,16158
1622,2022-08-31,12742,6003,13758,17525,15565
1623,2022-09-01,12359,6056,13235,16859,15137
1624,2022-09-02,12809,7878,13366,16467,14959
1625,2022-09-05,13396,9910,13580,16204,14884
1626,2022-09-06,13333,9460,13865,16204,14743
1627,2022-09-07,13275,8664,14344,16340,14705
1628,2022-09-08,13442,8404,15274,16245,14645
1629,2022-09-13,14952,10636,18188,16083,14801
1630,2022-09-14,16412,13955,19379,16351,15068
1631,2022-09-15,17232,16144,19474,16715,15323
1632,2022-09-16,16875,15096,19160,16854,15419
1633,2022-09-19,16827,14933,19008,16994,15469
1634,2022-09-20,17361,16673,18945,17078,15520
1635,2022-09-21,18451,19316,19391,17482,15949
1636,2022-09-22,18285,18567,19099,17867,16255
1637,2022-09-23,18345,18554,18850,18285,16384
1638,2022-09-26,18874,20278,18780,18412,16330
1639,2022-09-27,18702,19721,18655,18519,16334
1640,2022-09-28,18561,19085,18630,18707,16348
1641,2022-09-29,18352,18406,18810,18570,16165
1642,2022-09-30,17835,16858,18855,18392,16032
1643,2022-10-04,18259,18341,18981,18218,15966
1644,2022-10-05,18857,20041,19319,18192,15913
1645,2022-10-06,19257,20791,20136,18027,15709
1646,2022-10-07,19113,20231,20210,18052,15651
1647,2022-10-11,18781,19091,20344,17958,15636
1648,2022-10-12,18522,18650,20164,17784,15424
1649,2022-10-13,18295,18396,19892,17659,15107
1650,2022-10-14,17980,17626,19710,17625,14915
1651,2022-10-17,18058,17901,19636,17716,14819
1652,2022-10-18,18145,18058,19730,17794,14707
1653,2022-10-19,18137,17856,19934,17783,14653
1654,2022-10-20,18171,17863,20091,17780,14502
1655,2022-10-21,17924,17334,20057,17615,14219
1656,2022-10-24,17859,17324,20023,17485,14098
1657,2022-10-25,17616,17031,19868,17278,13628
1658,2022-10-26,17196,16143,19617,17090,13414
1659,2022-10-27,16542,15382,18923,16477,13074
1660,2022-10-28,15871,14479,18204,15981,12723
1661,2022-10-31,15584,13963,17737,16065,12550
1662,2022-11-02,14433,12533,16998,14622,11866
1663,2022-11-03,13873,11478,16641,14235,11668
1664,2022-11-04,13648,11190,16631,13927,11230
1665,2022-11-07,13762,12061,16577,13599,10911
1666,2022-11-08,13880,13015,16409,13286,10670
1667,2022-11-09,14076,14005,16190,13178,10647
1668,2022-11-10,14332,15124,16020,13084,10636
1669,2022-11-11,13906,14339,15509,13000,10516
1670,2022-11-14,13756,13936,15342,13074,10503
1671,2022-11-15,13480,13156,15437,12839,10498
1672,2022-11-16,13138,12404,15407,12568,10242
1673,2022-11-17,12986,11890,15399,12589,10221
1674,2022-11-18,12496,10655,15261,12440,9887
1675,2022-11-21,12437,10272,15100,12758,9981
1676,2022-11-22,12422,10287,14950,12805,10088
1677,2022-11-23,12320,10134,14596,12937,10196
1678,2022-11-24,12598,11431,14130,13065,10108
1679,2022-11-25,13120,13031,14004,13280,10249
1680,2022-11-28,13561,14834,13702,13318,10053
1681,2022-11-29,13534,14740,13664,13379,9988
1682,2022-11-30,13358,14198,13731,13255,10032
1683,2022-12-01,13672,14763,14306,13164,10024
1684,2022-12-02,13448,13897,14482,13158,9870
1685,2022-12-05,13503,13849,14697,13184,9836
1686,2022-12-06,13566,13861,14873,13213,9816
1687,2022-12-07,13616,13834,14942,13366,9731
1688,2022-12-08,13971,15023,14843,13445,9781
1689,2022-12-09,14024,15288,14779,13392,9865
1690,2022-12-12,14135,15350,14970,13511,9854
1691,2022-12-13,13748,14490,14708,13404,9673
1692,2022-12-14,13586,14094,14624,13327,9723
1693,2022-12-15,14036,15511,14670,13411,9587
1694,2022-12-16,14806,17467,14745,13966,9524
1695,2022-12-19,15026,18375,14609,13900,9602
1696,2022-12-20,14955,18003,14556,14100,9577
1697,2022-12-21,15421,19743,14486,14022,9458
1698,2022-12-22,16271,23041,14505,13528,9494
1699,2022-12-23,15642,21210,14385,13416,9390
1700,2023-01-03,13196,15511,13476,12175,8474
1701,2023-01-04,12305,13863,12711,11648,8382
1702,2023-01-05,11763,13009,12344,11134,8169
1703,2023-01-06,11377,12525,11661,11018,8156
1704,2023-01-09,11233,12730,11158,10872,8046
1705,2023-01-10,11253,13401,11045,10410,7967
1706,2023-01-11,10667,12329,10424,10197,7815
1707,2023-01-12,10328,12057,10239,9628,7511
1708,2023-01-13,10010,11941,9712,9273,7322
1709,2023-01-16,9876,12075,9441,9009,7186
1710,2023-01-17,9996,12493,9490,8941,7183
1711,2023-01-18,9820,11853,9556,8938,7158
1712,2023-01-19,9476,10487,9739,8952,7221
1713,2023-01-20,9097,8987,10014,8913,7227
1714,2023-01-25,8570,7258,10075,8835,7201
1715,2023-01-26,8352,6609,9996,8905,6994
1716,2023-01-27,8322,6309,10129,8888,7248
1717,2023-01-30,8469,6412,10226,9128,7392
1718,2023-01-31,8454,6126,10180,9397,7429
1719,2023-02-01,8488,6085,10234,9492,7443
1720,2023-02-02,8453,5824,10095,9758,7494
1721,2023-02-03,8224,5634,9926,9371,7448
1722,2023-02-06,8083,5723,9695,9058,7407
1723,2023-02-07,7923,5534,9585,8832,7380
1724,2023-02-08,7881,5647,9582,8639,7202
1725,2023-02-09,7781,5808,9259,8513,7074
1726,2023-02-10,7667,5734,9231,8241,7053
1727,2023-02-13,7756,6133,9195,8202,6973
1728,2023-02-14,7790,6348,9158,8144,6954
1729,2023-02-15,7448,5394,8916,8170,7042
1730,2023-02-16,7348,4760,8881,8476,7133
1731,2023-02-17,7393,4467,8882,8870,7269
1732,2023-02-20,7479,4389,8828,9228,7461
1733,2023-02-21,7853,4615,8909,10068,7751
1734,2023-02-22,8309,4926,9496,10581,8082
1735,2023-02-23,8946,5483,10002,11546,8373
1736,2023-02-24,10047,7240,11289,12059,8709
1737,2023-02-27,10598,7672,12059,12548,9136
1738,2023-02-28,11057,8293,12410,13004,9455
1739,2023-03-02,12287,10415,13391,13815,10004
1740,2023-03-03,12678,11621,13498,13739,10201
1741,2023-03-06,12928,12809,13567,13393,9973
1742,2023-03-07,12970,13188,13574,13227,9737
1743,2023-03-08,13324,14494,13595,13061,9790
1744,2023-03-09,13684,15055,13952,13277,9991
1745,2023-03-10,14181,15709,14390,13760,10237
1746,2023-03-13,14515,16211,14688,13971,10541
1747,2023-03-14,15109,17629,14996,14158,10739
1748,2023-03-15,16469,20154,16540,14481,11165
1749,2023-03-16,16395,19498,16768,14670,11144
1750,2023-03-17,16019,18443,16679,14583,11074
1751,2023-03-20,15916,18464,16543,14396,10953
1752,2023-03-21,15935,18702,16390,14374,10955
1753,2023-03-22,15612,17557,16111,14725,10939
1754,2023-03-23,15479,17519,15427,14961,11068
1755,2023-03-24,15786,18479,15292,15155,11086
1756,2023-03-27,15513,17755,15084,15226,10937
1757,2023-03-28,15003,16523,14933,14967,10764
1758,2023-03-29,14645,15808,14849,14631,10588
1759,2023-03-30,14529,16041,14779,14204,10218
1760,2023-03-31,14367,16071,14753,13732,10004
1761,2023-04-03,14455,16564,14860,13465,9886
1762,2023-04-04,14717,17508,14839,13453,9770
1763,2023-04-05,15090,18699,15137,13283,9546
1764,2023-04-06,15296,19053,15521,13249,9488
1765,2023-04-07,15064,18700,15576,12892,9134
1766,2023-04-10,15073,18910,15626,12694,9039
1767,2023-04-11,14783,18331,15552,12424,8908
1768,2023-04-12,14434,17541,15466,12182,8768
1769,2023-04-13,14328,17613,15306,11987,8562
1770,2023-04-14,14197,17348,15246,11903,8475
1771,2023-04-17,14136,17304,15112,11888,8442
1772,2023-04-18,13957,16858,14916,11931,8453
1773,2023-04-19,14051,16208,14944,12762,8772
1774,2023-04-20,14272,16009,15096,13434,9104
1775,2023-04-21,14952,17719,15247,13757,9348
1776,2023-04-24,15295,18378,15417,13984,9616
1777,2023-04-25,15235,18124,15410,14034,9649
1778,2023-04-26,15191,18226,15297,13931,9550
1779,2023-04-27,15481,19623,15168,13688,9376
1780,2023-04-28,15861,21101,15015,13673,9244
1781,2023-05-02,15796,21263,14868,13479,9127
1782,2023-05-03,15492,20509,14717,13350,9195
1783,2023-05-04,15396,20446,14620,13230,9077
1784,2023-05-08,15505,21615,13961,13110,8994
1785,2023-05-09,15606,21904,13934,13149,9099
1786,2023-05-10,15977,23092,13782,13322,9183
1787,2023-05-11,15999,23321,13601,13313,9285
1788,2023-05-12,15556,22278,13200,13286,9270
1789,2023-05-15,15273,21502,13042,13283,9253
1790,2023-05-16,14918,21122,12286,13246,9218
1791,2023-05-17,14592,20449,11869,13277,9133
1792,2023-05-18,14444,20194,11609,13309,9108
1793,2023-05-19,14319,19992,11418,13310,9026
1794,2023-05-22,14094,19374,11346,13283,8933
1795,2023-05-23,13964,19043,11326,13214,8895
1796,2023-05-24,13736,18919,10806,13118,8825
1797,2023-05-25,13176,17997,10471,12599,8557
1798,2023-05-26,12683,17033,10277,12165,8408
1799,2023-05-30,12003,15620,10038,11596,8270
1800,2023-05-31,11397,14073,9982,11229,8121
1801,2023-06-01,10871,12839,9783,10942,8018
1802,2023-06-02,10658,12613,9527,10757,7891
1803,2023-06-05,10758,13054,9741,10437,7883
1804,2023-06-07,11507,15815,10113,9909,7561
1805,2023-06-08,11553,16144,10216,9677,7425
1806,2023-06-09,11641,16516,10299,9539,7349
1807,2023-06-12,11523,16139,10331,9491,7345
1808,2023-06-13,11626,16405,10346,9556,7335
1809,2023-06-14,11773,16290,10817,9704,7294
1810,2023-06-15,11985,16579,11057,9851,7388
1811,2023-06-16,12063,16402,11501,9838,7406
1812,2023-06-19,11819,15564,11584,9792,7365
1813,2023-06-20,11715,15306,11547,9728,7404
1814,2023-06-21,11768,15742,11427,9591,7397
1815,2023-06-22,12076,17105,11100,9550,7499
1816,2023-06-23,12508,18822,11007,9384,7438
1817,2023-06-26,12729,19650,11018,9302,7381
1818,2023-06-27,12653,19464,11029,9221,7382
1819,2023-06-28,12099,17876,10875,9151,7282
1820,2023-06-29,11985,17623,10736,9180,7230
1821,2023-06-30,11809,17336,10472,9170,7160
1822,2023-07-03,11564,16727,10251,9161,7216
1823,2023-07-04,11276,16026,10084,9072,7210
1824,2023-07-05,11070,15669,9914,8956,7086
1825,2023-07-06,10746,15051,9644,8824,6900
1826,2023-07-07,10761,15209,9591,8780,6867
1827,2023-07-10,10804,15361,9587,8816,6745
1828,2023-07-11,10892,15635,9636,8792,6732
1829,2023-07-12,10971,15599,9895,8839,6715
1830,2023-07-13,11223,16057,10104,8999,6748
1831,2023-07-14,11340,16219,10135,9179,6804
1832,2023-07-17,11220,15873,10122,9138,6799
1833,2023-07-18,10986,15303,9860,9199,6771
1834,2023-07-19,10849,14860,9645,9372,6858
1835,2023-07-20,10620,14161,9393,9554,6880
1836,2023-07-21,10608,14288,9122,9648,6903
1837,2023-07-24,10646,14485,9062,9621,6954
1838,2023-07-25,10496,14216,8888,9559,6966
1839,2023-07-26,10516,14488,8804,9436,6976
1840,2023-07-27,10953,16056,8881,9242,6998
1841,2023-07-28,10776,15919,8798,8928,6830
1842,2023-07-31,10937,16601,8860,8732,6789
1843,2023-08-01,11109,17309,8833,8617,6813
1844,2023-08-02,11191,17501,8983,8551,6802
1845,2023-08-03,11098,17096,9195,8458,6730
1846,2023-08-04,11207,17318,9361,8449,6681
1847,2023-08-07,11436,17403,10123,8370,6672
1848,2023-08-08,11462,17393,10522,8099,6580
1849,2023-08-09,11346,16638,10860,8135,6565
1850,2023-08-10,11448,16495,11130,8290,6732
1851,2023-08-11,11338,15651,11376,8472,6879
1852,2023-08-14,11308,14959,11725,8677,7001
1853,2023-08-16,11971,15684,12481,9312,7281
1854,2023-08-17,12541,16793,12643,9826,7628
1855,2023-08-18,12360,15709,12662,10218,7837
1856,2023-08-21,12208,15178,12566,10316,7899
1857,2023-08-22,12032,14731,12355,10380,7920
1858,2023-08-23,12079,14242,12714,10607,8105
1859,2023-08-24,11762,13426,12476,10611,8079
1860,2023-08-25,11372,12414,12416,10403,8024
1861,2023-08-28,11264,12033,12339,10475,8101
1862,2023-08-29,11387,12418,12411,10448,8035
1863,2023-08-30,11480,12275,12681,10593,8150
1864,2023-08-31,11507,11759,12939,10871,8361
1865,2023-09-01,11607,11863,12990,11030,8425
1866,2023-09-04,11671,11750,13042,11275,8510
1867,2023-09-05,11845,11994,13098,11536,8564
1868,2023-09-06,11820,11792,13233,11523,8560
1869,2023-09-07,11928,11870,13157,11821,8731
1870,2023-09-08,12469,13318,13254,12030,8880
1871,2023-09-11,12781,14036,13326,12248,8978
1872,2023-09-12,12942,14310,13551,12270,9024
1873,2023-09-13,13375,14232,14686,12628,9110
1874,2023-09-14,13812,14951,14896,13114,9237
1875,2023-09-15,14278,15706,15082,13586,9659
1876,2023-09-18,14653,16583,15239,13744,9829
1877,2023-09-19,15562,18540,15608,14357,10105
1878,2023-09-20,16082,19344,15739,15066,10370
1879,2023-09-21,16303,19582,15747,15452,10684
1880,2023-09-22,16044,18808,15571,15562,10614
1881,2023-09-25,16408,20071,15580,15495,10647
1882,2023-09-26,16879,21386,15871,15449,10676
1883,2023-09-27,17242,22872,15828,15206,10706
1884,2023-10-04,17377,25046,15497,13955,10282
1885,2023-10-05,17102,24608,15418,13630,10048
1886,2023-10-06,17469,26153,15185,13535,10072
1887,2023-10-10,18910,29447,16044,14055,10461
1888,2023-10-11,18934,28983,16363,14318,10344
1889,2023-10-12,18458,27391,16387,14338,10228
1890,2023-10-13,18277,27183,16149,14220,10112
1891,2023-10-16,18306,27374,15889,14357,10201
1892,2023-10-17,18456,28048,15707,14359,10221
1893,2023-10-18,18903,29773,15500,14357,10140
1894,2023-10-19,18983,29970,15297,14602,10226
1895,2023-10-20,18711,29061,15146,14767,10187
1896,2023-10-23,18692,28562,15269,15069,10222
1897,2023-10-24,18467,27899,15173,15088,10189
1898,2023-10-25,17940,26150,15261,15021,10102
1899,2023-10-26,16877,23125,15246,14613,9813
1900,2023-10-27,16124,20831,15351,14363,9605
1901,2023-10-30,15061,17934,15071,14063,9407
1902,2023-10-31,14716,17419,14974,13557,9313
1903,2023-11-02,14077,16132,14546,13292,8860
1904,2023-11-03,13883,16266,13908,13189,8737
1905,2023-11-06,14471,18397,13928,13036,8624
1906,2023-11-07,14989,20253,13906,12942,8585
1907,2023-11-08,14940,20069,13932,12967,8501
1908,2023-11-09,14916,19898,13939,13076,8418
1909,2023-11-10,15632,21803,14164,13373,8297
1910,2023-11-13,15934,22301,14628,13426,8276
1911,2023-11-14,15994,22300,14726,13521,8296
1912,2023-11-15,16251,22594,15385,13486,8111
1913,2023-11-16,16573,23088,15933,13550,8021
1914,2023-11-17,16903,23210,16599,13824,8128
1915,2023-11-20,17029,23151,16889,13989,8205
1916,2023-11-21,17092,22425,17272,14491,8359
1917,2023-11-22,16932,21037,17718,14835,8548
1918,2023-11-23,17016,20619,17991,15225,8658
1919,2023-11-24,18123,23589,18271,15581,8907
1920,2023-11-27,20128,29406,18847,15838,9004
1921,2023-11-28,21112,31907,19183,16206,9230
1922,2023-11-29,22378,35550,19208,16710,9376
1923,2023-11-30,24626,41294,19838,17744,9633
1924,2023-12-01,26292,45506,20381,18453,9899
1925,2023-12-04,27797,49175,20993,19080,10227
1926,2023-12-05,27961,48550,21475,19660,10554
1927,2023-12-06,26779,44419,21542,19759,10633
1928,2023-12-07,24328,37512,20529,19527,10580
1929,2023-12-08,22928,33606,19879,19417,10576
1930,2023-12-11,23239,35281,19412,19267,10510
1931,2023-12-12,23995,38813,18852,18797,10567
1932,2023-12-13,23610,38269,18361,18528,10630
1933,2023-12-14,22975,37106,17803,18174,10494
1934,2023-12-15,22663,36500,17563,17977,10515
1935,2023-12-18,22483,36147,17346,17925,10580
1936,2023-12-19,21904,34506,17304,17673,10586
1937,2023-12-20,21157,32084,17330,17610,10497
1938,2023-12-21,20163,29141,17200,17371,10494
1939,2023-12-22,19646,27780,17084,17121,10503
1940,2024-01-02,20419,30806,16974,16859,10277
1941,2024-01-03,19763,29459,16491,16488,10312
1942,2024-01-04,19684,29994,16190,16053,10129
1943,2024-01-05,19554,30097,15757,15895,10289
1944,2024-01-08,19363,29876,15577,15702,10169
1945,2024-01-09,18246,26713,15206,15533,10102
1946,2024-01-10,17277,24245,14791,15241,9938
1947,2024-01-11,15975,21056,13930,14964,9902
1948,2024-01-12,15342,19553,13530,14780,9829
1949,2024-01-15,14679,17966,13271,14471,9669
1950,2024-01-16,14068,16626,12743,14325,9602
1951,2024-01-17,13938,16119,12894,14259,9561
1952,2024-01-18,13929,16131,13149,13970,9542
1953,2024-01-19,14670,18100,13790,13820,9569
1954,2024-01-22,15523,20903,14237,13415,9564
1955,2024-01-23,15221,20064,14245,13251,9532
1956,2024-01-24,14868,18714,14414,13243,9563
1957,2024-01-25,15257,19210,15081,13335,9693
1958,2024-01-26,15209,18725,15333,13398,9723
1959,2024-01-29,15196,18550,15417,13441,9742
1960,2024-01-30,14709,16968,15401,13424,9708
1961,2024-01-31,14443,16555,15001,13371,9650
1962,2024-02-01,14586,17650,14660,13106,9616
1963,2024-02-02,14573,18106,14362,12932,9525
1964,2024-02-05,14714,18809,14193,12893,9456
1965,2024-02-06,15347,20772,14284,12948,9459
1966,2024-02-07,15715,21606,14598,13030,9446
1967,2024-02-08,15192,19640,14624,13193,9549
1968,2024-02-13,16353,22939,14457,13893,9661
1969,2024-02-14,16204,22431,14459,13887,9713
1970,2024-02-15,16285,22243,14787,13998,9764
1971,2024-02-16,16362,22029,15179,14099,9698
1972,2024-02-19,16759,22766,15549,14225,9972
1973,2024-02-20,17242,23032,16653,14407,10139
1974,2024-02-21,17311,22377,17225,14658,10332
1975,2024-02-22,18042,24577,17252,14772,10616
1976,2024-02-23,18764,26983,17125,14884,10662
1977,2024-02-26,19363,29010,16950,14996,10768
1978,2024-02-27,19308,28770,16809,15005,11326
1979,2024-02-28,19926,30636,16773,15120,11673
1980,2024-02-29,21074,33458,17214,15512,12193
1981,2024-03-04,22816,38055,18042,15692,12795
1982,2024-03-05,23559,39369,18986,15811,13093
1983,2024-03-06,22984,37194,18972,15932,13549
1984,2024-03-07,22860,36564,19116,16000,13562
1985,2024-03-08,23311,38364,18849,15976,13546
1986,2024-03-11,23804,40203,19018,15691,13304
1987,2024-03-12,23497,39363,19089,15507,13096
1988,2024-03-13,22883,37424,19147,15363,13029
1989,2024-03-14,22939,37050,19729,15339,13039
1990,2024-03-15,22924,36413,20184,15460,13073
1991,2024-03-18,23042,36230,20691,15557,12990
1992,2024-03-19,23861,38069,21135,15995,13018
1993,2024-03-20,23552,36642,21166,16339,13079
1994,2024-03-21,22875,34708,20581,16576,13159
1995,2024-03-22,22639,34073,20183,16792,13243
1996,2024-03-25,22042,32330,19903,16839,13208
1997,2024-03-26,21111,29830,19496,16712,12992
1998,2024-03-27,19822,26550,18871,16373,12839
1999,2024-03-28,18768,24159,18161,16020,12662
2000,2024-03-29,18592,24923,17314,15608,12391
2001,2024-04-01,18551,25281,17220,15273,12190
2002,2024-04-02,18084,24259,16872,15109,12117
2003,2024-04-03,17579,23001,16589,14992,12043
2004,2024-04-04,17779,24132,16441,14740,11848
2005,2024-04-05,17059,22359,16101,14518,11656
2006,2024-04-08,16835,21999,15848,14398,11619
2007,2024-04-09,16404,21373,15143,14301,11586
2008,2024-04-11,16874,23373,14822,14222,11493
2009,2024-04-12,17438,25034,14974,14279,11522
2010,2024-04-15,17636,25348,15242,14390,11422
2011,2024-04-16,17870,25589,15493,14605,11640
2012,2024-04-17,18090,26114,15460,14805,11764
2013,2024-04-18,19271,28552,16462,15207,12047
2014,2024-04-19,19876,29661,16921,15585,12262
2015,2024-04-22,19821,29070,17113,15835,12154
2016,2024-04-23,19340,27338,16977,16032,12355
2017,2024-04-24,19078,25572,17406,16459,12468
2018,2024-04-25,18771,24292,17206,16837,12704
2019,2024-04-26,18509,23066,17164,17239,12689
2020,2024-04-29,18477,22849,17123,17393,12681
2021,2024-04-30,18160,22031,17017,17295,12576
2022,2024-05-02,18411,23444,17013,16827,12260
2023,2024-05-03,18899,25083,17246,16617,12159
2024,2024-05-07,20240,28201,18493,16689,12255
2025,2024-05-08,21507,31364,19346,16847,12399
2026,2024-05-09,21936,32058,19738,17151,12517
2027,2024-05-10,21645,30937,19676,17334,12614
2028,2024-05-13,21518,30313,19846,17341,12676
2029,2024-05-14,20915,28601,19734,17161,12665
2030,2024-05-16,19637,25714,18839,16729,12526
2031,2024-05-17,19411,25398,18643,16531,12393
2032,2024-05-20,19494,25998,18460,16363,12473
2033,2024-05-21,19450,25903,18510,16335,12255
2034,2024-05-22,19262,25441,18527,16181,12170
2035,2024-05-23,19065,24936,18583,16004,12076
2036,2024-05-24,18891,24804,18489,15656,12064
2037,2024-05-27,18841,25015,18498,15296,11985
2038,2024-05-28,18821,25289,18498,15007,11827
2039,2024-05-29,18459,24727,18096,14678,12091
2040,2024-05-30,18622,25721,17667,14607,12237
2041,2024-05-31,18894,26796,17463,14623,12289
2042,2024-06-03,19115,27749,17315,14570,12249
2043,2024-06-04,19027,27712,17078,14558,12227
2044,2024-06-05,19132,28254,16957,14528,12107
2045,2024-06-07,19442,29046,17079,14622,12176
2046,2024-06-10,19583,29457,17242,14498,12239
2047,2024-06-11,19408,28964,17081,14598,12148
2048,2024-06-12,19104,27509,17270,14845,12168
2049,2024-06-13,19796,29159,17496,15241,12268
2050,2024-06-14,19979,29268,17684,15569,12226
2051,2024-06-17,19968,28709,17962,15811,12236
2052,2024-06-18,19886,28330,17986,15885,12262
2053,2024-06-19,20124,29140,17918,15950,12211
2054,2024-06-20,20007,28971,17579,16053,12266
2055,2024-06-21,20429,30518,17422,16095,12186
2056,2024-06-24,20396,30672,17106,16096,12334
2057,2024-06-25,20055,29734,16759,16202,12462
2058,2024-06-26,19688,29180,15959,16299,12570
2059,2024-06-27,20224,31244,15649,16318,12612
2060,2024-06-28,20548,32361,15504,16372,12772
2061,2024-07-01,20858,33699,15353,16249,12679
2062,2024-07-02,21795,37141,15365,15968,12525
2063,2024-07-03,21216,35745,15052,15782,12416
2064,2024-07-04,20213,32721,14890,15660,12312
2065,2024-07-05,19955,31866,14747,15743,12484
2066,2024-07-08,19657,30982,14594,15824,12372
2067,2024-07-09,19321,30028,14436,15859,12237
2068,2024-07-10,18988,28711,14441,16066,12226
2069,2024-07-11,19245,29059,14689,16321,12249
2070,2024-07-12,19367,29095,14968,16400,12279
2071,2024-07-15,19671,29874,15041,16544,12338
2072,2024-07-16,19770,29354,15624,16763,12473
2073,2024-07-17,19143,27320,15666,16688,12407
2074,2024-07-18,18879,26658,15436,16630,12623
2075,2024-07-19,19045,27237,15396,16615,12699
2076,2024-07-22,18980,27181,15391,16499,12582
2077,2024-07-23,18910,27000,15393,16455,12552
2078,2024-07-24,18793,25753,16177,16538,12532
2079,2024-07-25,18846,25781,16177,16681,12537
2080,2024-07-26,18813,25362,16496,16682,12512
2081,2024-07-29,18691,24996,16474,16640,12574
2082,2024-07-30,18582,24700,16452,16612,12535
2083,2024-07-31,18340,24271,16264,16446,12453
2084,2024-08-01,17993,23551,16024,16262,12424
2085,2024-08-02,17818,23263,15834,16158,12413
2086,2024-08-05,17878,23676,15788,16022,12323
2087,2024-08-06,17935,24031,15672,15990,12273
2088,2024-08-07,17955,24375,15553,15833,12268
2089,2024-08-08,18142,25432,15271,15709,12180
2090,2024-08-09,17922,24893,15138,15651,12176
2091,2024-08-12,17853,24856,15035,15592,12083
2092,2024-08-13,17739,24879,14729,15511,12032
2093,2024-08-14,18156,26270,14682,15554,12048
2094,2024-08-16,18197,26199,14783,15644,12097
2095,2024-08-19,18329,26549,14832,15677,12113
2096,2024-08-20,18515,27136,14743,15759,12235
2097,2024-08-21,18743,27949,14604,15819,12313
2098,2024-08-22,18844,28443,14434,15833,12307
2099,2024-08-23,18774,28459,14249,15786,12260
2100,2024-08-26,18798,28651,14116,15868,12078
2101,2024-08-27,18711,28533,14014,15838,11955
2102,2024-08-28,18644,28588,13786,15828,11832
2103,2024-08-29,19083,30349,13552,15811,11697
2104,2024-08-30,18993,30413,13241,15773,11653
2105,2024-09-02,18796,29941,13141,15692,11637
2106,2024-09-03,19304,31770,13129,15585,11583
2107,2024-09-04,19314,31880,13131,15504,11589
2108,2024-09-05,19250,31730,13219,15381,11505
2109,2024-09-06,19244,31727,13302,15297,11462
2110,2024-09-09,19581,32859,13361,15258,11375
2111,2024-09-10,19366,31999,13490,15257,11421
2112,2024-09-11,19301,31608,13613,15317,11399
2113,2024-09-12,19698,32560,13816,15449,11509
2114,2024-09-13,19545,31686,13915,15665,11652
2115,2024-09-19,19623,30958,14321,16152,11934
2116,2024-09-20,20208,32369,14452,16492,12139
2117,2024-09-23,20309,32319,14596,16704,12241
2118,2024-09-24,20375,32120,14848,16858,12275
2119,2024-09-25,20527,32272,14932,17063,12467
2120,2024-09-26,20682,32807,14874,17092,12505
2121,2024-09-27,20714,33056,14742,17065,12547
2122,2024-09-30,20711,33476,14540,16894,12375
2123,2024-10-02,20055,31918,14264,16537,12392
2124,2024-10-04,19677,31096,14187,16162,12431
2125,2024-10-07,19359,29994,14401,16076,12174
2126,2024-10-08,19111,28919,14555,16161,12210
2127,2024-10-10,18188,25863,14488,16236,12116
2128,2024-10-11,18114,25844,14329,16208,12000
2129,2024-10-14,18327,26772,14202,16128,11966
2130,2024-10-15,18059,26204,14014,16019,11882
2131,2024-10-16,17491,24668,13734,15962,11813
2132,2024-10-17,16566,22340,13165,15814,11703
2133,2024-10-18,16041,21170,12798,15646,11571
2134,2024-10-21,15933,20969,12751,15547,11528
2135,2024-10-22,15515,19775,12733,15394,11444
2136,2024-10-23,15371,19266,12800,15377,11383
2137,2024-10-24,14991,18106,12752,15329,11347
2138,2024-10-25,14916,18110,12684,15183,11231
2139,2024-10-28,14893,18291,12581,15056,11148
2140,2024-10-30,14621,18084,12476,14536,10926
2141,2024-10-31,14382,17744,12295,14296,10815
2142,2024-11-01,14365,17903,12264,14129,10765
2143,2024-11-04,14260,17953,12173,13886,10570
2144,2024-11-05,14446,18616,12133,13899,10516
2145,2024-11-06,14538,19131,12094,13753,10446
2146,2024-11-07,14793,20179,12008,13637,10460
2147,2024-11-08,15104,21339,12008,13508,10477
2148,2024-11-11,15267,22274,11927,13240,10341
2149,2024-11-12,16154,25177,12147,13098,10276
2150,2024-11-13,16579,26552,12235,13142,9999
2151,2024-11-14,16278,25993,12068,12901,9895
2152,2024-11-15,16947,28359,12047,12805,9833
2153,2024-11-18,17423,30090,11918,12801,9799
2154,2024-11-19,16739,27981,11856,12702,9768
2155,2024-11-20,16252,26648,11790,12504,9694
2156,2024-11-21,16045,26458,11358,12444,9676
2157,2024-11-22,15475,24919,11096,12368,9598
2158,2024-11-25,15362,24571,11034,12378,9668
2159,2024-11-26,15486,25124,10876,12421,9600
2160,2024-11-27,15279,24671,10731,12377,9455
2161,2024-11-28,14734,23153,10427,12361,9514
2162,2024-11-29,14021,20870,10363,12390,9347
2163,2024-12-02,13712,19874,10340,12383,9333
2164,2024-12-03,12874,17372,10046,12390,9315
2165,2024-12-04,12364,15766,9933,12408,9320
2166,2024-12-05,11986,14483,9971,12432,9203
2167,2024-12-06,11794,13901,10063,12313,9113
2168,2024-12-09,11757,13678,10257,12231,9071
2169,2024-12-10,11813,13899,10251,12211,9044
2170,2024-12-11,11554,13171,10191,12168,8955
2171,2024-12-12,11164,12080,10094,12100,8820
2172,2024-12-13,11055,11759,9998,12165,8786
2173,2024-12-16,10964,11833,9631,12177,8712
2174,2024-12-17,10933,12146,9417,12020,8581
2175,2024-12-18,10588,11602,8854,12004,8504
2176,2024-12-19,10259,10765,8604,12021,8420
2177,2024-12-20,10021,10349,8250,12005,8395
2178,2024-12-23,10123,10991,8124,11851,8333
2179,2024-12-24,10078,11075,8147,11640,8198
2180,2025-01-02,9996,11616,7593,11422,8063
2181,2025-01-03,10329,12638,7740,11353,8101
2182,2025-01-06,10203,12309,8068,11030,7810
2183,2025-01-07,9788,11193,8077,10798,7679
2184,2025-01-08,9656,10938,8026,10676,7639
2185,2025-01-09,9510,10668,7952,10562,7550
2186,2025-01-10,9498,11057,7797,10344,7387
2187,2025-01-13,9898,12758,7630,10165,7326
2188,2025-01-14,10122,13806,7500,10025,7226
2189,2025-01-15,10063,13568,7626,9968,7144
2190,2025-01-16,9882,13176,7546,9891,6983
2191,2025-01-17,9558,12592,7354,9654,6777
2192,2025-01-20,9206,12085,7322,9157,6363
2193,2025-01-21,8954,11750,7304,8752,6122
2194,2025-01-22,8720,11347,7240,8483,5986
2195,2025-01-23,8424,10721,7099,8309,5849
2196,2025-01-24,8084,9927,6982,8106,5787
2197,2025-01-31,7760,9292,7214,7681,5040
2198,2025-02-03,7654,9126,7194,7538,4964
2199,2025-02-04,7710,9145,7367,7570,4861
2200,2025-02-05,8035,9333,7971,7765,5148
2201,2025-02-06,8532,9499,8858,8262,5467
2202,2025-02-07,8862,9698,9146,8750,5841
2203,2025-02-10,8957,9630,9237,8955,6108
2204,2025-02-11,8981,9383,9469,9022,6188
2205,2025-02-12,8981,9165,9507,9161,6312
2206,2025-02-13,8861,8414,9576,9373,6521
2207,2025-02-14,8941,8496,9544,9534,6687
2208,2025-02-17,9050,8552,9557,9746,6934
2209,2025-02-18,9269,8814,9731,9975,7134
2210,2025-02-19,9631,9027,10280,10360,7307
2211,2025-02-20,10318,10188,10817,10835,7662
2212,2025-02-21,10451,10252,11009,11012,7689
2213,2025-02-24,10775,11083,11208,11046,7743
2214,2025-02-25,11045,11828,11192,11195,7800
2215,2025-02-26,11460,13476,10881,11234,7826
2216,2025-02-27,11861,14808,10743,11379,7819
2217,2025-02-28,12856,18393,10558,11311,7778
2218,2025-03-04,13439,21041,10027,11126,7808
2219,2025-03-05,13243,20753,9903,10936,7653
2220,2025-03-06,13258,21348,9503,10794,7645
2221,2025-03-07,13482,22404,9322,10669,7635
2222,2025-03-10,14065,24164,9396,10727,7783
2223,2025-03-11,14318,24878,9504,10743,7813
2224,2025-03-12,14557,25046,9934,10923,7857
2225,2025-03-13,15902,28118,11133,11072,8054
2226,2025-03-14,16410,28851,11693,11420,8208
2227,2025-03-17,16352,28074,11876,11760,8393
2228,2025-03-18,15977,26388,12104,11935,8490
2229,2025-03-19,16102,26249,12137,12368,8761
2230,2025-03-20,15968,25755,11971,12563,8811
2231,2025-03-21,15976,25909,11836,12563,8837
2232,2025-03-24,16102,25934,12236,12579,8769
2233,2025-03-25,16102,25781,12363,12585,8839
2234,2025-03-26,15937,24604,12994,12567,8873
2235,2025-03-27,15786,23739,13388,12542,8850
2236,2025-03-28,15859,23445,14048,12440,8787
2237,2025-03-31,15707,22979,14121,12330,8782
2238,2025-04-01,15680,23206,13903,12246,8738
2239,2025-04-02,15582,22951,13899,12185,8719
2240,2025-04-03,15799,23611,13958,12173,8761
2241,2025-04-04,15293,22239,13739,12083,8749
2242,2025-04-07,14520,20361,13267,11912,8577
2243,2025-04-08,13790,18518,12865,11766,8451
2244,2025-04-09,13308,17430,12470,11684,8328
2245,2025-04-10,13150,17071,12195,11697,8612
2246,2025-04-11,13222,17563,12026,11617,8597
2247,2025-04-14,13387,18086,12132,11561,8538
2248,2025-04-15,13167,17641,11808,11601,8522
2249,2025-04-16,12800,16286,11980,11569,8496
2250,2025-04-17,12888,16269,12120,11696,8620
2251,2025-04-18,12999,16393,12205,11827,8717
2252,2025-04-21,13033,16452,12253,11843,8685
2253,2025-04-22,13090,16452,12366,11906,8733
2254,2025-04-23,13221,16396,12592,12146,8807
2255,2025-04-24,13610,17439,12857,12141,8785
2256,2025-04-25,13864,18251,12946,12096,8767
2257,2025-04-28,13950,18640,12932,11997,8791
2258,2025-04-29,13866,18602,12828,11888,8712
2259,2025-04-30,13815,18841,12593,11723,8671
2260,2025-05-02,13780,18826,12505,11703,8695
2261,2025-05-07,13481,18639,11979,11422,8691
2262,2025-05-08,13164,17856,11784,11348,8680
2263,2025-05-09,12712,16356,11779,11347,8672
2264,2025-05-12,12816,16714,11857,11257,8682
2265,2025-05-13,12730,16420,11911,11216,8659
2266,2025-05-14,12531,15879,11699,11273,8753
2267,2025-05-15,12605,16276,11512,11309,8756
2268,2025-05-16,13100,17881,11519,11358,8734
2269,2025-05-19,13298,18448,11551,11418,8734
2270,2025-05-20,13014,17316,11615,11510,8822
2271,2025-05-21,13157,17699,11544,11655,8875
2272,2025-05-22,13243,18078,11299,11796,8912
2273,2025-05-23,13313,18324,11201,11854,8992
2274,2025-05-26,13296,18344,11025,11918,9100
2275,2025-05-27,13145,17944,10975,11869,9090
2276,2025-05-28,13121,18223,10794,11710,9030
2277,2025-05-29,13198,19116,10462,11434,8938
2278,2025-05-30,13566,20633,10211,11393,8954
2279,2025-06-02,13969,22264,10038,11309,8858
2280,2025-06-04,14067,23200,9556,11209,8778
2281,2025-06-05,14951,25780,9932,11218,8722
2282,2025-06-09,15682,27149,11072,11179,8618
2283,2025-06-10,15664,26963,11220,11158,8615
2284,2025-06-11,15689,26773,11529,11143,8560
2285,2025-06-12,16318,28730,11630,11184,8542
2286,2025-06-13,17326,31731,11848,11335,8523
2287,2025-06-16,17828,32915,11970,11621,8758
2288,2025-06-17,17934,32941,12150,11757,8796
2289,2025-06-18,17444,30766,12667,11784,8792
2290,2025-06-19,16807,28272,12795,11995,8881
2291,2025-06-20,15991,25450,12773,12118,8889
2292,2025-06-23,15629,24034,12803,12277,8951
2293,2025-06-24,15665,23901,12981,12356,8942
2294,2025-06-25,15732,23853,13227,12396,8887
2295,2025-06-26,15243,21851,13427,12543,8965
2296,2025-06-27,14572,19383,13542,12648,9007
2297,2025-06-30,14334,18451,13619,12701,9027
2298,2025-07-01,14186,17587,13752,12879,9207
2299,2025-07-02,13990,16778,13773,12986,9290
2300,2025-07-03,13980,16770,13581,13132,9351
2301,2025-07-04,14159,17194,13643,13224,9410
2302,2025-07-07,14206,17048,13785,13333,9557
2303,2025-07-08,14382,16793,14097,13792,9770
2304,2025-07-09,14383,16199,14380,14063,9907
2305,2025-07-10,14458,15959,14597,14290,10042
2306,2025-07-11,14846,16726,14868,14496,10193
2307,2025-07-14,15994,19549,15588,14766,10228
2308,2025-07-15,16581,20714,16097,15008,10351
2309,2025-07-16,17275,21843,17090,15172,10435
2310,2025-07-17,18012,23993,16830,15651,10703
2311,2025-07-18,18992,27041,16740,15933,10777
2312,2025-07-21,19039,27179,16695,15997,10779
2313,2025-07-22,18903,26823,16651,15942,10784
2314,2025-07-23,19162,27914,16612,15789,10680
2315,2025-07-24,19896,30660,16524,15578,10672
2316,2025-07-25,20259,31969,16503,15482,10734
2317,2025-07-28,20311,32364,16305,15444,10769
2318,2025-07-29,19962,31397,16231,15356,10674
2319,2025-07-30,18989,28801,15733,15235,10583
2320,2025-07-31,18710,28433,15290,15133,10537
2321,2025-08-01,18878,29325,15035,15062,10513
2322,2025-08-04,18785,29223,14880,15021,10481
2323,2025-08-05,18269,27499,14893,15018,10464
2324,2025-08-06,18646,28236,15174,15233,10533
2325,2025-08-07,18994,28734,15420,15614,10637
2326,2025-08-08,19282,29398,15563,15741,10718
2327,2025-08-11,19675,30463,15702,15829,10765
2328,2025-08-12,19580,29983,15527,16129,10878
2329,2025-08-13,19588,29906,15417,16342,10884
2330,2025-08-14,19718,30101,15411,16528,11056
2331,2025-08-18,19499,29174,15493,16615,11143
2332,2025-08-19,19216,28165,15386,16784,11150
2333,2025-08-20,18662,26240,15070,17110,11364
2334,2025-08-21,18587,25459,15314,17371,11440
2335,2025-08-22,18523,24559,15680,17661,11525
2336,2025-08-25,19345,26934,16111,17621,11457
2337,2025-08-26,20099,29038,16496,17628,11504
2338,2025-08-27,20242,28669,16916,17988,11696
2339,2025-08-28,20056,28011,16960,18008,11622
2340,2025-08-29,19980,27633,16950,18139,11631
2341,2025-09-01,19924,27914,16781,17862,11571
2342,2025-09-02,19722,27673,16419,17829,11462
2343,2025-09-03,19404,26970,16416,17510,11353
2344,2025-09-04,19275,26818,16314,17348,11311
2345,2025-09-05,19400,27030,16352,17524,11287
2346,2025-09-08,19530,27236,16406,17698,11282
2347,2025-09-09,19856,27856,16784,17789,11273
2348,2025-09-10,20173,28537,17108,17855,11228
2349,2025-09-11,20211,28296,17447,17908,11159
2350,2025-09-12,20148,27843,17529,18046,11228
2351,2025-09-15,20255,28083,17531,18124,11336
2352,2025-09-16,20584,29176,17608,18064,11294
2353,2025-09-17,20499,29238,17393,17957,11221
2354,2025-09-18,20743,29980,17474,17955,11199
2355,2025-09-19,21061,31142,17392,17946,11177
2356,2025-09-22,20987,31019,17216,17994,11188
2357,2025-09-23,21006,31129,17175,17979,11214
2358,2025-09-24,21349,31808,17527,18083,11230
2359,2025-09-25,21652,32519,17800,18130,11177
2360,2025-09-26,21851,32943,17810,18323,11284
2361,2025-09-29,21752,32705,17755,18311,11210
2362,2025-09-30,21168,30939,17549,18338,11203
2363,2025-10-01,20152,28007,17069,18335,11288
2364,2025-10-02,19278,25663,16524,18308,11299
2365,2025-10-10,19295,25673,17276,17605,11291
2366,2025-10-13,20308,28397,17780,17745,11319
2367,2025-10-14,20899,30069,18184,17627,11356
2368,2025-10-15,20443,28200,18497,17645,11403
2369,2025-10-16,20542,28426,18455,17763,11483
2370,2025-10-17,20804,29543,18323,17649,11499
2371,2025-10-20,20887,29834,18357,17590,11531
2372,2025-10-21,21053,30386,18391,17555,11528
2373,2025-10-22,21126,30193,18709,17629,11674
2374,2025-10-23,21011,29522,19016,17592,11721
2375,2025-10-24,20487,27793,19110,17478,11725
2376,2025-10-27,20229,26987,19223,17313,11723
2377,2025-10-28,20013,26409,19317,17088,11690
2378,2025-10-29,19872,26280,19152,16914,11685
2379,2025-10-30,19951,26873,19077,16693,11578
2380,2025-10-31,20127,27509,18978,16736,11602
2381,2025-11-03,19926,26896,18956,16718,11545
2382,2025-11-04,19689,26451,18729,16628,11462
2383,2025-11-05,19791,27291,18402,16483,11377
2384,2025-11-06,20269,28804,18418,16573,11308
2385,2025-11-07,20678,30145,18434,16592,11270
2386,2025-11-10,20658,30188,18499,16433,11220
2387,2025-11-11,20487,29263,18656,16616,11261
2388,2025-11-12,20394,28534,18738,16965,11233
2389,2025-11-13,20196,27473,18883,17200,11295
2390,2025-11-14,20527,28328,18881,17432,11348
2391,2025-11-17,20827,29241,18825,17560,11390
2392,2025-11-18,21198,30456,18757,17659,11360
2393,2025-11-19,21730,32076,18786,17781,11368
2394,2025-11-20,21917,32468,18779,17957,11562
2395,2025-11-21,21662,31540,18742,18028,11686
2396,2025-11-24,21852,32157,18852,17964,11598
2397,2025-11-25,22133,32722,19219,17984,11550
2398,2025-11-27,22743,34409,19313,18170,11750
2399,2025-11-28,23335,36226,19310,18302,11835
2400,2025-12-01,24021,38408,19252,18464,11839
2401,2025-12-02,24272,39232,19118,18573,11953
2402,2025-12-03,24522,40092,18855,18736,12169
2403,2025-12-04,25445,43189,18729,18805,12281
2404,2025-12-05,24998,41976,18509,18756,12253
2405,2025-12-08,24335,40271,18200,18575,12216
2406,2025-12-09,23877,39496,17812,18260,12065
2407,2025-12-10,22327,36297,16391,17749,11960
2408,2025-12-11,21325,33539,16058,17590,11685
2409,2025-12-12,20712,31693,15990,17478,11636
2410,2025-12-15,20296,31446,15142,17247,11453
2411,2025-12-16,20327,32668,14404,16905,11337
2412,2025-12-17,20159,32999,13812,16628,11273
2413,2025-12-18,19404,31567,13019,16388,11117
2414,2025-12-19,19116,31463,12643,15976,10920
2415,2025-12-22,18575,31034,11701,15553,10886
2416,2025-12-23,17993,29954,11475,15045,10511
2417,2025-12-24,17519,29300,11001,14623,10426
2418,2026-01-05,16631,28405,11047,12852,9401
2419,2026-01-06,16737,28564,11540,12603,9252
2420,2026-01-07,16566,27901,11911,12392,9047
2421,2026-01-08,16391,27173,12211,12280,8920
2422,2026-01-09,16166,26375,12305,12239,8906
2423,2026-01-12,15983,25825,12338,12148,8895
2424,2026-01-13,15728,25352,12017,12101,8867
2425,2026-01-14,15346,24261,11885,12068,8815
2426,2026-01-15,15061,23206,12029,12058,8726
2427,2026-01-16,15047,22259,12768,12217,8738
2428,2026-01-19,15413,23076,13139,12251,8729
2429,2026-01-20,15994,24707,13649,12048,8727
2430,2026-01-21,16740,26276,14047,12531,8833
2431,2026-01-22,17160,27438,14054,12796,8731
2432,2026-01-23,16621,25730,13723,13025,8778
2433,2026-01-26,16652,25823,13707,13013,8886
2434,2026-01-27,17265,28026,13536,13041,8838
2435,2026-01-28,18624,31919,13835,13337,8968
2436,2026-01-29,18675,31601,14157,13496,8981
2437,2026-01-30,19377,33544,14424,13621,9002
2438,2026-02-02,19721,34133,14696,13870,9114
2439,2026-02-03,19359,32797,14742,13952,9119
2440,2026-02-04,18613,29998,15028,13979,9111
2441,2026-02-05,18369,29163,14995,14038,9106
2442,2026-02-06,18317,28955,14953,14119,9089
2443,2026-02-09,18290,28992,14836,14131,9024
2444,2026-02-10,17798,27637,14707,14040,8824
2445,2026-02-11,17888,27499,14994,14177,8866
2446,2026-02-12,19032,30052,16033,14387,8901
2447,2026-02-13,19929,32275,16334,14835,8955
2448,2026-02-19,19664,30625,17067,14816,9112
2449,2026-02-20,19669,30269,17519,14723,9158
2450,2026-02-23,19962,30966,17566,14902,9313
2451,2026-02-24,20392,32203,17502,15156,9340
2452,2026-02-25,20533,31892,17838,15502,9638
2453,2026-02-26,20388,30748,17998,15899,9946
2454,2026-02-27,20789,30951,18306,16577,10385
2455,2026-03-03,21533,32184,18578,17372,10925
2456,2026-03-04,22227,33147,19296,17891,11262
2457,2026-03-05,22270,32728,19608,18097,11402
2458,2026-03-06,21625,30556,19515,18150,11589
2459,2026-03-09,20260,26618,19350,17777,11364
2460,2026-03-10,20658,28919,18792,17399,11254
2461,2026-03-11,19419,25695,18485,16854,11091
2462,2026-03-12,19373,25875,18401,16637,10990
2463,2026-03-13,19700,27234,18369,16433,10895
2464,2026-03-16,20177,29021,18257,16341,10914
2465,2026-03-17,20197,29291,18358,16045,10891
2466,2026-03-18,20029,28761,18532,15885,10755
2467,2026-03-19,20172,29539,18547,15604,10647
2468,2026-03-20,20115,29453,18607,15461,10587
2469,2026-03-23,20024,29446,18498,15278,10579
2470,2026-03-24,19876,29162,18386,15176,10591
2471,2026-03-25,19620,28484,18208,15183,10581
2472,2026-03-26,19671,29234,17697,15115,10577
2473,2026-03-27,19925,30380,17445,15053,10621
2474,2026-03-30,19978,30678,17255,15112,10643
2475,2026-03-31,19616,30301,16791,14713,10748
2476,2026-04-01,19506,29949,16864,14617,10772
2477,2026-04-02,19796,30676,16832,14845,10898
2478,2026-04-03,20009,31246,16698,15072,11043
2479,2026-04-06,19906,31194,16701,14740,11152
2480,2026-04-07,20191,31664,16961,14948,11185
2481,2026-04-08,20879,33503,17136,15211,11240
2482,2026-04-09,20819,32658,17465,15469,11414
2483,2026-04-10,21001,32663,17636,15859,11531
2484,2026-04-13,21290,33455,17696,15950,11598
2485,2026-04-14,21968,35129,17955,16208,11802
2486,2026-04-15,23110,38010,18481,16552,11971
2487,2026-04-16,24119,40206,19021,17096,12225
2488,2026-04-17,24134,39545,19282,17476,12432
2489,2026-04-20,24494,40699,19223,17539,12558
2490,2026-04-21,25316,42541,19679,17827,13018
2491,2026-04-22,25445,42359,19670,18374,13243
2492,2026-04-23,25982,43189,19857,19061,13499
2493,2026-04-24,25924,42527,19817,19509,13684
2494,2026-04-27,25845,42039,19862,19644,13812
2495,2026-04-28,26067,42658,19950,19621,13983
2496,2026-04-29,26075,42716,20023,19530,13946
2497,2026-04-30,25976,42350,20046,19519,14014
2498,2026-05-06,27316,46579,20559,19255,13984
2499,2026-05-07,28390,49638,20966,19340,14069
2500,2026-05-08,28692,49612,21856,19443,14182
2501,2026-05-11,28185,47679,22034,19482,14268
2502,2026-05-12,28887,48969,22807,19721,14380
2503,2026-05-13,29086,49043,23354,19733,14466
2504,2026-05-14,29972,51659,23680,19724,14527
2505,2026-05-15,29666,50392,23787,19817,14670
2506,2026-05-18,29572,49781,23957,19923,14735
2507,2026-05-19,29030,48014,23786,20086,14642
2508,2026-05-20,28887,47845,23555,20017,14616
2509,2026-05-21,28494,47451,22560,20076,14680
2510,2026-05-22,28031,46724,21714,20111,14659
2511,2026-05-26,28679,48850,21686,20170,14675
2512,2026-05-27,29397,50608,22277,20198,14723
2513,2026-05-28,29760,51728,22550,20066,14564
2514,2026-05-29,30461,53842,22885,19983,14486
2515,2026-06-01,29868,51801,22964,19976,14458
2516,2026-06-02,30284,53189,22929,20001,14479
2517,2026-06-04,29304,50481,22278,20075,14540
2518,2026-06-05,28429,47893,21827,20105,14810
2519,2026-06-08,27940,47053,21103,20077,14701
2520,2026-06-09,27139,44848,20496,20253,14602
2521,2026-06-10,26327,42416,20090,20380,14610
2522,2026-06-11,26167,41319,20497,20500,14718
2523,2026-06-12,25736,39530,20652,20648,14870
2524,2026-06-15,25899,39851,20814,20701,14888
2525,2026-06-16,25749,39212,20785,20841,14974
2526,2026-06-17,25279,37770,20391,21091,15040
2527,2026-06-18,25225,37828,19861,21379,15041
2528,2026-06-19,25225,38550,19134,21370,15090
2529,2026-06-22,25908,40734,19155,21432,15114
2530,2026-06-23,25531,40316,18363,21375,15152
2531,2026-06-24,25216,39361,18108,21500,15248
2532,2026-06-25,24991,38242,18396,21553,15333
2533,2026-06-26,24509,36653,18555,21396,15276
2534,2026-06-29,24073,35302,18589,21251,15304
2535,2026-06-30,24054,35191,18786,21082,15363
2536,2026-07-01,24092,35212,19101,20907,15257
2537,2026-07-02,24647,36926,19185,21033,15040
2538,2026-07-03,25339,38966,19399,21110,14968
2539,2026-07-06,25872,40450,19728,21089,14914
2540,2026-07-07,26989,43934,19951,21124,14859
2541,2026-07-08,27341,44986,20099,21112,14821
2542,2026-07-09,27115,44116,20247,21109,14736
2543,2026-07-10,27453,44994,20420,21192,14712
2544,2026-07-13,27823,46133,20611,21130,14609
2545,2026-07-14,28071,46710,20687,21312,14584
2546,2026-07-15,28262,47056,20875,21378,14695
2547,2026-07-16,27755,45284,20851,21501,14638
2548,2026-07-20,26290,40409,20704,21628,14676
2549,2026-07-21,25422,38045,20366,21467,14583
2550,2026-07-22,25613,39179,19990,21349,14578
2551,2026-07-23,25968,41084,19526,21120,14492
2552,2026-07-24,26082,42079,19125,20918,14454
2553,2026-07-27,26156,42750,18930,20688,14457
2554,2026-07-28,25720,41695,18792,20426,14466
2555,2026-07-29,25424,41049,18832,20108,14280
2556,2026-07-30,24936,39818,18759,19815,14187
2557,2026-07-31,25597,41882,18998,19724,14157
2558,2026-08-03,25990,42915,19377,19654,14058
2559,2026-08-04,27100,46320,19664,19659,14070
2560,2026-08-05,27445,47177,20023,19607,14029
2561,2026-08-06,28369,50202,20193,19518,13956
2562,2026-08-07,28296,49846,20344,19464,13995
2563,2026-08-10,28594,50782,20455,19387,14066
2564,2026-08-11,28475,50324,20631,19292,14013
2565,2026-08-12,28241,49270,20894,19288,14051
2566,2026-08-13,27571,46820,20882,19516,14054
2567,2026-08-14,26926,44654,20702,19702,14092
2568,2026-08-18,27136,45532,20382,19801,14213
2569,2026-08-19,26609,44108,20036,19799,14262
2570,2026-08-20,26414,43618,19757,19869,14408
2571,2026-08-21,26670,44286,19782,19969,14586
2572,2026-08-24,27169,45583,19875,20190,14750
2573,2026-08-25,27606,46425,20504,20161,14788
